seed,experiment,config,alpha_decay,u2_enabled,replay_buffer_size,num_facts,recall,forgetting,drift,variance_mean,variance_min,variance_max,runtime_sec,width
42,width_scaling,"width=32,num_facts=5",0.02,True,0,5,0.6,0.0,1.2917325273156166,0.006403889507055283,0.0007665191078558564,0.009987173601984978,0.2129075527191162,32
101,width_scaling,"width=32,num_facts=5",0.02,True,0,5,0.4,0.19999999999999996,1.4891422763466835,0.005842728540301323,0.0007814329001121223,0.009999866597354412,0.1999046802520752,32
202,width_scaling,"width=32,num_facts=5",0.02,True,0,5,0.2,0.2,1.3482182919979095,0.005963039584457874,0.0007682861178182065,0.009984367527067661,0.20204734802246094,32
303,width_scaling,"width=32,num_facts=5",0.02,True,0,5,0.8,0.0,1.4409655407071114,0.005812606308609247,0.000777636538259685,0.00987740233540535,0.1764390468597412,32
404,width_scaling,"width=32,num_facts=5",0.02,True,0,5,0.4,0.0,1.3294219300150871,0.005675146356225014,0.0007680466515012085,0.009973150677978992,0.2247462272644043,32
505,width_scaling,"width=32,num_facts=5",0.02,True,0,5,0.4,0.19999999999999996,1.5098140984773636,0.0060254354029893875,0.0007688989862799644,0.009980961680412292,0.2250049114227295,32
606,width_scaling,"width=32,num_facts=5",0.02,True,0,5,0.4,0.4,1.2971854582428932,0.005679285619407892,0.0007688248297199607,0.009959060698747635,0.23333168029785156,32
707,width_scaling,"width=32,num_facts=5",0.02,True,0,5,0.6,0.4,1.5333799421787262,0.005622078664600849,0.000774060667026788,0.009860916994512081,0.2888057231903076,32
808,width_scaling,"width=32,num_facts=5",0.02,True,0,5,0.6,0.0,1.3415265902876854,0.005845960695296526,0.0007638819515705109,0.009999977424740791,0.2504603862762451,32
909,width_scaling,"width=32,num_facts=5",0.02,True,0,5,0.4,0.0,1.1557190492749214,0.006450273096561432,0.0007613924099132419,0.009999998845160007,0.26497936248779297,32
42,width_scaling,"width=32,num_facts=10",0.02,True,0,10,0.2,0.3,1.6602348685264587,0.005716046318411827,0.0007816401775926352,0.009853454306721687,0.5365688800811768,32
101,width_scaling,"width=32,num_facts=10",0.02,True,0,10,0.2,0.2,1.6032452434301376,0.005931470077484846,0.0007872910355217755,0.009877130389213562,0.5080051422119141,32
202,width_scaling,"width=32,num_facts=10",0.02,True,0,10,0.1,0.4,1.6138032227754593,0.006154069676995277,0.000788395234849304,0.009923419915139675,0.45374155044555664,32
303,width_scaling,"width=32,num_facts=10",0.02,True,0,10,0.3,0.3,1.6227426826953888,0.005131514277309179,0.00077588832937181,0.009777835570275784,0.43355846405029297,32
404,width_scaling,"width=32,num_facts=10",0.02,True,0,10,0.3,0.39999999999999997,1.6735222935676575,0.00536781270056963,0.0007826343644410372,0.009887736290693283,0.4334986209869385,32
505,width_scaling,"width=32,num_facts=10",0.02,True,0,10,0.2,0.3,1.7334063947200775,0.005473965313285589,0.0007816498400643468,0.00991638470441103,0.483961820602417,32
606,width_scaling,"width=32,num_facts=10",0.02,True,0,10,0.2,0.2,1.6486190110445023,0.005486796610057354,0.0007638659444637597,0.009818213060498238,0.4945652484893799,32
707,width_scaling,"width=32,num_facts=10",0.02,True,0,10,0.2,0.2,1.6257233917713165,0.0058784703724086285,0.0007924768724478781,0.009879079647362232,0.8189148902893066,32
808,width_scaling,"width=32,num_facts=10",0.02,True,0,10,0.2,0.2,1.633930653333664,0.005147380754351616,0.0007666419260203838,0.009946637786924839,0.5663039684295654,32
909,width_scaling,"width=32,num_facts=10",0.02,True,0,10,0.1,0.4,1.6136990189552307,0.0053607504814863205,0.0007763171452097595,0.009652714245021343,0.48882269859313965,32
42,width_scaling,"width=32,num_facts=20",0.02,True,0,20,0.0,0.35,1.9343971014022827,0.005367018282413483,0.000761431991122663,0.009849853813648224,0.9161686897277832,32
101,width_scaling,"width=32,num_facts=20",0.02,True,0,20,0.05,0.3,1.7460708916187286,0.006078280042856932,0.0007586340070702136,0.009797481819987297,0.7692794799804688,32
202,width_scaling,"width=32,num_facts=20",0.02,True,0,20,0.05,0.25,1.8084385097026825,0.005639766808599234,0.0007681560819037259,0.009926258586347103,0.7634520530700684,32
303,width_scaling,"width=32,num_facts=20",0.02,True,0,20,0.1,0.30000000000000004,1.679480791091919,0.005519172176718712,0.0007647012826055288,0.00989716500043869,0.8664472103118896,32
404,width_scaling,"width=32,num_facts=20",0.02,True,0,20,0.15,0.30000000000000004,1.8767366111278534,0.005441095679998398,0.0007927546976134181,0.009710553102195263,1.0089871883392334,32
505,width_scaling,"width=32,num_facts=20",0.02,True,0,20,0.05,0.35000000000000003,1.890575349330902,0.005436393432319164,0.0007789059309288859,0.00977269746363163,0.7998876571655273,32
606,width_scaling,"width=32,num_facts=20",0.02,True,0,20,0.1,0.24999999999999997,2.0188586711883545,0.005533223040401936,0.0008053113706409931,0.00982837937772274,0.8239922523498535,32
707,width_scaling,"width=32,num_facts=20",0.02,True,0,20,0.1,0.15,1.8089223206043243,0.0056298053823411465,0.0007780614541843534,0.009825431741774082,0.8871762752532959,32
808,width_scaling,"width=32,num_facts=20",0.02,True,0,20,0.05,0.15000000000000002,1.8373779952526093,0.005325810518115759,0.0007829269161447883,0.009859036654233932,0.9323673248291016,32
909,width_scaling,"width=32,num_facts=20",0.02,True,0,20,0.1,0.35,1.956458568572998,0.005363775882869959,0.0007803805056028068,0.009887577965855598,0.8114955425262451,32
42,width_scaling,"width=32,num_facts=50",0.02,True,0,50,0.04,0.6,2.3934799432754517,0.006245423574000597,0.0007553862524218857,0.009890821762382984,1.9620757102966309,32
101,width_scaling,"width=32,num_facts=50",0.02,True,0,50,0.02,0.62,2.4557217359542847,0.005981842987239361,0.0007548984722234309,0.0097350450232625,1.8409233093261719,32
202,width_scaling,"width=32,num_facts=50",0.02,True,0,50,0.02,0.74,2.3556989431381226,0.006592931225895882,0.000755255576223135,0.009893536567687988,1.8350179195404053,32
303,width_scaling,"width=32,num_facts=50",0.02,True,0,50,0.04,0.72,2.4324307441711426,0.006242087576538324,0.0007869679247960448,0.009915295988321304,1.939681053161621,32
404,width_scaling,"width=32,num_facts=50",0.02,True,0,50,0.04,0.6599999999999999,2.377173066139221,0.005990559700876474,0.0007554105250164866,0.009964454919099808,1.8636198043823242,32
505,width_scaling,"width=32,num_facts=50",0.02,True,0,50,0.02,0.6,2.4757871627807617,0.006383329629898071,0.0008024664712138474,0.009889991953969002,1.8350505828857422,32
606,width_scaling,"width=32,num_facts=50",0.02,True,0,50,0.02,0.66,2.4834831953048706,0.006225446704775095,0.0008106996538117528,0.009887049905955791,1.8333768844604492,32
707,width_scaling,"width=32,num_facts=50",0.02,True,0,50,0.04,0.72,2.563845992088318,0.006352779921144247,0.000764013675507158,0.009896954521536827,1.8491652011871338,32
808,width_scaling,"width=32,num_facts=50",0.02,True,0,50,0.04,0.58,2.4777557849884033,0.00626782514154911,0.0007551924209110439,0.009873042814433575,1.826859951019287,32
909,width_scaling,"width=32,num_facts=50",0.02,True,0,50,0.02,0.6799999999999999,2.4761276245117188,0.00631873169913888,0.0007706955075263977,0.009884647093713284,1.82576584815979,32
42,width_scaling,"width=32,num_facts=100",0.02,True,0,100,0.01,0.98,4.031177759170532,0.006915326230227947,0.0007553908508270979,0.009813149459660053,3.8393473625183105,32
101,width_scaling,"width=32,num_facts=100",0.02,True,0,100,0.01,0.95,4.202192187309265,0.006928715854883194,0.0007552845636382699,0.00994441844522953,3.838728904724121,32
202,width_scaling,"width=32,num_facts=100",0.02,True,0,100,0.01,0.99,3.9412782192230225,0.007522964850068092,0.0007551972521468997,0.009926734492182732,3.738037586212158,32
303,width_scaling,"width=32,num_facts=100",0.02,True,0,100,0.01,0.99,3.8716543912887573,0.006665265653282404,0.0007547207642346621,0.009815721772611141,3.993093967437744,32
404,width_scaling,"width=32,num_facts=100",0.02,True,0,100,0.01,0.97,3.963516592979431,0.007081268355250359,0.000755181594286114,0.009933737106621265,3.7334444522857666,32
505,width_scaling,"width=32,num_facts=100",0.02,True,0,100,0.01,0.99,4.081845164299011,0.006848882883787155,0.0007552521419711411,0.009933983907103539,3.613858222961426,32
606,width_scaling,"width=32,num_facts=100",0.02,True,0,100,0.01,0.98,3.993213653564453,0.007226545829325914,0.0007547694258391857,0.009913165122270584,3.607638359069824,32
707,width_scaling,"width=32,num_facts=100",0.02,True,0,100,0.02,0.96,3.9754058122634888,0.00688181770965457,0.0007552938768640161,0.009888780303299427,3.580322027206421,32
808,width_scaling,"width=32,num_facts=100",0.02,True,0,100,0.01,0.97,4.081178665161133,0.007356071844696999,0.0007731260848231614,0.009934506379067898,3.6075644493103027,32
909,width_scaling,"width=32,num_facts=100",0.02,True,0,100,0.01,0.99,4.026792883872986,0.007308917585760355,0.0007553140167146921,0.009952113032341003,3.711698293685913,32
42,width_scaling,"width=32,num_facts=200",0.02,True,0,200,0.005,0.995,7.817089796066284,0.00852492731064558,0.000755431829020381,0.009967467747628689,7.371305704116821,32
101,width_scaling,"width=32,num_facts=200",0.02,True,0,200,0.005,0.995,7.939095973968506,0.008215473964810371,0.0007553545874543488,0.009955206885933876,7.449875593185425,32
202,width_scaling,"width=32,num_facts=200",0.02,True,0,200,0.005,0.995,7.969758749008179,0.008017785847187042,0.0007552989991381764,0.00997088197618723,7.300645351409912,32
303,width_scaling,"width=32,num_facts=200",0.02,True,0,200,0.005,0.995,7.778544187545776,0.008208323270082474,0.000755308719817549,0.009946674108505249,7.5973122119903564,32
404,width_scaling,"width=32,num_facts=200",0.02,True,0,200,0.005,0.995,7.887648344039917,0.008012962527573109,0.0007553600007668138,0.00996480230242014,7.539499282836914,32
505,width_scaling,"width=32,num_facts=200",0.02,True,0,200,0.005,0.995,7.830987930297852,0.008399550803005695,0.0007548187277279794,0.009980731643736362,7.6240010261535645,32
606,width_scaling,"width=32,num_facts=200",0.02,True,0,200,0.005,0.995,7.996297121047974,0.008012432605028152,0.0007552999304607511,0.009952596388757229,7.243138551712036,32
707,width_scaling,"width=32,num_facts=200",0.02,True,0,200,0.005,0.995,7.871880769729614,0.00821266695857048,0.000755360524635762,0.009946889244019985,7.246273040771484,32
808,width_scaling,"width=32,num_facts=200",0.02,True,0,200,0.005,0.995,7.8361732959747314,0.008291894569993019,0.0007553422474302351,0.009972531348466873,7.252937078475952,32
909,width_scaling,"width=32,num_facts=200",0.02,True,0,200,0.005,0.995,7.8429930210113525,0.008258935995399952,0.0007553176837973297,0.009968108497560024,7.410370349884033,32
42,width_scaling,"width=32,num_facts=400",0.02,True,0,400,0.0025,0.9975,13.359323501586914,0.008985891006886959,0.0007554980111308396,0.009975604712963104,15.283347368240356,32
101,width_scaling,"width=32,num_facts=400",0.02,True,0,400,0.0025,0.9975,13.333927154541016,0.009033280424773693,0.0007547245477326214,0.009979793801903725,15.348992109298706,32
202,width_scaling,"width=32,num_facts=400",0.02,True,0,400,0.0025,0.9975,13.904134511947632,0.008719665929675102,0.0007554409676231444,0.009989151731133461,15.384151458740234,32
303,width_scaling,"width=32,num_facts=400",0.02,True,0,400,0.0025,0.9975,13.670732259750366,0.008593976497650146,0.0007554368348792195,0.009979365393519402,15.20927619934082,32
404,width_scaling,"width=32,num_facts=400",0.02,True,0,400,0.0025,0.9975,13.292278528213501,0.009035986848175526,0.0007547246641479433,0.009979037567973137,15.684875965118408,32
505,width_scaling,"width=32,num_facts=400",0.02,True,0,400,0.0025,0.9975,13.378920793533325,0.009011623449623585,0.0007554988842457533,0.009980399161577225,16.253226280212402,32
606,width_scaling,"width=32,num_facts=400",0.02,True,0,400,0.0025,0.9975,13.708340406417847,0.00865641888231039,0.0007554413168691099,0.009990480728447437,15.252111434936523,32
707,width_scaling,"width=32,num_facts=400",0.02,True,0,400,0.0025,0.9975,13.332257747650146,0.009112223982810974,0.0007554938201792538,0.00998265203088522,15.616344213485718,32
808,width_scaling,"width=32,num_facts=400",0.02,True,0,400,0.0025,0.9975,13.673186540603638,0.008668646216392517,0.0007551889284513891,0.009989150799810886,15.505493879318237,32
909,width_scaling,"width=32,num_facts=400",0.02,True,0,400,0.0025,0.9975,13.20845365524292,0.008960830047726631,0.0007548859575763345,0.009976436384022236,18.907248497009277,32
42,width_scaling,"width=32,num_facts=800",0.02,True,0,800,0.00125,0.99875,21.33311128616333,0.009354635141789913,0.0007547251298092306,0.009996235370635986,41.42757797241211,32
101,width_scaling,"width=32,num_facts=800",0.02,True,0,800,0.00125,0.9975,21.43648910522461,0.008634241297841072,0.0007554484764114022,0.009985660202801228,38.1771354675293,32
202,width_scaling,"width=32,num_facts=800",0.02,True,0,800,0.00125,0.99875,21.061113834381104,0.008971231989562511,0.0007550090085715055,0.009979808703064919,37.46942138671875,32
303,width_scaling,"width=32,num_facts=800",0.02,True,0,800,0.00125,0.99875,20.86988878250122,0.00913943164050579,0.000755001325160265,0.009987196885049343,35.77213430404663,32
404,width_scaling,"width=32,num_facts=800",0.02,True,0,800,0.00125,0.99875,20.813465118408203,0.009331556968390942,0.0007547252462245524,0.009988810867071152,33.60886335372925,32
505,width_scaling,"width=32,num_facts=800",0.02,True,0,800,0.00125,0.99875,21.078205347061157,0.009257074445486069,0.0007547250133939087,0.009991107508540154,34.32333850860596,32
606,width_scaling,"width=32,num_facts=800",0.02,True,0,800,0.00125,0.99875,21.649078369140625,0.008590884506702423,0.0007554601179435849,0.009984965436160564,33.8267285823822,32
707,width_scaling,"width=32,num_facts=800",0.02,True,0,800,0.00125,0.9975,20.567183017730713,0.009074863977730274,0.0007555091287940741,0.00997784361243248,35.07207274436951,32
808,width_scaling,"width=32,num_facts=800",0.02,True,0,800,0.00125,0.99875,20.78065586090088,0.009191096760332584,0.0007552872993983328,0.009991835802793503,33.22826170921326,32
909,width_scaling,"width=32,num_facts=800",0.02,True,0,800,0.00125,0.99875,20.83249306678772,0.009047085419297218,0.000754724838770926,0.009979178197681904,33.40828084945679,32
42,width_scaling,"width=64,num_facts=5",0.02,True,0,5,0.4,0.0,1.8723016008734703,0.006329213734716177,0.0007683815201744437,0.009999943897128105,0.28446102142333984,64
101,width_scaling,"width=64,num_facts=5",0.02,True,0,5,0.4,0.19999999999999996,1.8223835676908493,0.00698831956833601,0.0007576037896797061,0.009992284700274467,0.26637864112854004,64
202,width_scaling,"width=64,num_facts=5",0.02,True,0,5,1.0,-0.4,1.9947958514094353,0.0062934900633990765,0.0007834166754037142,0.00995711237192154,0.26672959327697754,64
303,width_scaling,"width=64,num_facts=5",0.02,True,0,5,0.4,0.6,1.842253603041172,0.006206550635397434,0.000780832429882139,0.00999999325722456,0.31441664695739746,64
404,width_scaling,"width=64,num_facts=5",0.02,True,0,5,0.4,0.19999999999999996,1.7989540621638298,0.006865862291306257,0.0007841948536224663,0.009999999776482582,0.31156373023986816,64
505,width_scaling,"width=64,num_facts=5",0.02,True,0,5,0.4,0.19999999999999996,1.9002017825841904,0.006503445561975241,0.0007554182084277272,0.009999977424740791,0.26799464225769043,64
606,width_scaling,"width=64,num_facts=5",0.02,True,0,5,0.4,0.4,1.810748353600502,0.006509155500680208,0.0007742552552372217,0.009999994188547134,0.25964927673339844,64
707,width_scaling,"width=64,num_facts=5",0.02,True,0,5,0.4,0.19999999999999996,2.1097097247838974,0.0059734731912612915,0.0007815897115506232,0.009999996051192284,0.27910280227661133,64
808,width_scaling,"width=64,num_facts=5",0.02,True,0,5,0.4,0.4,1.9797816723585129,0.006676382850855589,0.0007992027094587684,0.009999999776482582,0.24989557266235352,64
909,width_scaling,"width=64,num_facts=5",0.02,True,0,5,0.4,0.0,1.8897934556007385,0.005989451427012682,0.0007775936392135918,0.009932933375239372,0.283261775970459,64
42,width_scaling,"width=64,num_facts=10",0.02,True,0,10,0.2,0.3,2.182798385620117,0.005798989441245794,0.0007792541291564703,0.009859880432486534,0.514580488204956,64
101,width_scaling,"width=64,num_facts=10",0.02,True,0,10,0.1,0.4,1.8245625793933868,0.006265407893806696,0.0007853740826249123,0.00985052902251482,0.4618966579437256,64
202,width_scaling,"width=64,num_facts=10",0.02,True,0,10,0.2,0.2,2.141983062028885,0.006056361366063356,0.0007945626275613904,0.009857863187789917,0.4668436050415039,64
303,width_scaling,"width=64,num_facts=10",0.02,True,0,10,0.3,0.6000000000000001,2.0012388825416565,0.005827092565596104,0.0007926286198198795,0.009852918796241283,0.46407389640808105,64
404,width_scaling,"width=64,num_facts=10",0.02,True,0,10,0.2,0.39999999999999997,1.886913925409317,0.0056715770624578,0.0007762106833979487,0.009794625453650951,0.4355039596557617,64
505,width_scaling,"width=64,num_facts=10",0.02,True,0,10,0.2,0.3,1.8405535519123077,0.00669563515111804,0.0007704286836087704,0.009899252094328403,0.4662966728210449,64
606,width_scaling,"width=64,num_facts=10",0.02,True,0,10,0.2,0.39999999999999997,2.113166719675064,0.0058617801405489445,0.0007897691684775054,0.009845615364611149,0.5442004203796387,64
707,width_scaling,"width=64,num_facts=10",0.02,True,0,10,0.3,0.3,1.981200248003006,0.005808540619909763,0.0007814133423380554,0.009876680560410023,0.5053162574768066,64
808,width_scaling,"width=64,num_facts=10",0.02,True,0,10,0.2,0.39999999999999997,2.0561595261096954,0.006020436529070139,0.0008043971611186862,0.009774908423423767,0.45000362396240234,64
909,width_scaling,"width=64,num_facts=10",0.02,True,0,10,0.4,0.19999999999999996,2.066055476665497,0.005645659752190113,0.0007882587378844619,0.009805629029870033,0.4664907455444336,64
42,width_scaling,"width=64,num_facts=20",0.02,True,0,20,0.1,0.5,2.02497336268425,0.005750988610088825,0.0007628019084222615,0.00978000182658434,0.9054574966430664,64
101,width_scaling,"width=64,num_facts=20",0.02,True,0,20,0.1,0.35,2.028915673494339,0.00632948474958539,0.0007552439928986132,0.009854023344814777,0.8454515933990479,64
202,width_scaling,"width=64,num_facts=20",0.02,True,0,20,0.05,0.5,2.023866057395935,0.006070488132536411,0.0007950859726406634,0.009872355498373508,0.8388485908508301,64
303,width_scaling,"width=64,num_facts=20",0.02,True,0,20,0.15,0.7,2.1165042519569397,0.005846749525517225,0.0007900625350885093,0.009848599322140217,0.9649238586425781,64
404,width_scaling,"width=64,num_facts=20",0.02,True,0,20,0.25,0.44999999999999996,2.2135637998580933,0.005839637015014887,0.0008053109631873667,0.009845065884292126,0.8495736122131348,64
505,width_scaling,"width=64,num_facts=20",0.02,True,0,20,0.05,0.7,2.162140965461731,0.005971438717097044,0.0007646956946700811,0.009826632216572762,0.8358526229858398,64
606,width_scaling,"width=64,num_facts=20",0.02,True,0,20,0.1,0.6,2.1960731148719788,0.005618269555270672,0.0007583963451907039,0.009775619022548199,0.8305046558380127,64
707,width_scaling,"width=64,num_facts=20",0.02,True,0,20,0.15,0.6,2.229909598827362,0.005892683751881123,0.0008171151275746524,0.00978109985589981,0.8328018188476562,64
808,width_scaling,"width=64,num_facts=20",0.02,True,0,20,0.05,0.6,1.9256997406482697,0.0062433225102722645,0.0007550790905952454,0.009862297214567661,0.8367831707000732,64
909,width_scaling,"width=64,num_facts=20",0.02,True,0,20,0.05,0.5,2.178614556789398,0.0058533912524580956,0.0007550274021923542,0.009850083850324154,0.8126757144927979,64
42,width_scaling,"width=64,num_facts=50",0.02,True,0,50,0.02,0.98,3.163779377937317,0.006365599576383829,0.0007668811595067382,0.009882619604468346,2.126516103744507,64
101,width_scaling,"width=64,num_facts=50",0.02,True,0,50,0.04,0.96,2.966638207435608,0.006151629611849785,0.0007552974275313318,0.009839789941906929,1.9993128776550293,64
202,width_scaling,"width=64,num_facts=50",0.02,True,0,50,0.02,0.94,3.01958692073822,0.006422238890081644,0.0007553572067990899,0.009883870370686054,2.5001964569091797,64
303,width_scaling,"width=64,num_facts=50",0.02,True,0,50,0.02,0.98,3.0103875398635864,0.006781136151403189,0.0007548251305706799,0.009859851561486721,2.0154151916503906,64
404,width_scaling,"width=64,num_facts=50",0.02,True,0,50,0.04,0.96,3.0319886207580566,0.006555084604769945,0.0007553501054644585,0.009918532334268093,2.0174968242645264,64
505,width_scaling,"width=64,num_facts=50",0.02,True,0,50,0.02,0.96,2.8865259885787964,0.006774459034204483,0.0007553874747827649,0.009843436069786549,2.0293800830841064,64
606,width_scaling,"width=64,num_facts=50",0.02,True,0,50,0.02,0.98,2.83491587638855,0.006750559899955988,0.0007553426548838615,0.00993080623447895,2.233644485473633,64
707,width_scaling,"width=64,num_facts=50",0.02,True,0,50,0.02,0.96,2.989621162414551,0.0066261994652450085,0.0007567490683868527,0.009864537045359612,2.171030044555664,64
808,width_scaling,"width=64,num_facts=50",0.02,True,0,50,0.02,0.9199999999999999,3.0735477209091187,0.006660346873104572,0.0008037147345021367,0.009889564476907253,1.927135705947876,64
909,width_scaling,"width=64,num_facts=50",0.02,True,0,50,0.02,0.98,2.942490577697754,0.006685356609523296,0.0007552415481768548,0.009869523346424103,2.2510602474212646,64
42,width_scaling,"width=64,num_facts=100",0.02,True,0,100,0.01,0.99,5.42414402961731,0.007842566817998886,0.000755362503696233,0.009938899427652359,4.184802055358887,64
101,width_scaling,"width=64,num_facts=100",0.02,True,0,100,0.01,0.99,5.514263391494751,0.007745354436337948,0.0007554122130386531,0.009952460415661335,4.2453131675720215,64
202,width_scaling,"width=64,num_facts=100",0.02,True,0,100,0.01,0.99,5.468493700027466,0.007770182564854622,0.0007554417825303972,0.009932620450854301,4.053740978240967,64
303,width_scaling,"width=64,num_facts=100",0.02,True,0,100,0.01,0.99,5.496236085891724,0.00793375913053751,0.0007553158793598413,0.009973287582397461,4.020955801010132,64
404,width_scaling,"width=64,num_facts=100",0.02,True,0,100,0.01,0.99,5.457817316055298,0.007838602177798748,0.0007553810137324035,0.009924282319843769,4.031720876693726,64
505,width_scaling,"width=64,num_facts=100",0.02,True,0,100,0.01,0.99,5.241599082946777,0.008109182119369507,0.0007553580217063427,0.00995653960853815,3.9927308559417725,64
606,width_scaling,"width=64,num_facts=100",0.02,True,0,100,0.01,0.99,5.320297956466675,0.007947864010930061,0.0007553343893960118,0.00992986373603344,3.9933242797851562,64
707,width_scaling,"width=64,num_facts=100",0.02,True,0,100,0.01,0.99,5.499498605728149,0.007749199401587248,0.0007553809555247426,0.009939173236489296,4.01860237121582,64
808,width_scaling,"width=64,num_facts=100",0.02,True,0,100,0.01,0.99,5.435749292373657,0.007794388569891453,0.0007552999304607511,0.009937670081853867,4.026841878890991,64
909,width_scaling,"width=64,num_facts=100",0.02,True,0,100,0.01,0.99,5.4451234340667725,0.0077562490478158,0.0007553843315690756,0.009928729385137558,4.2157769203186035,64
42,width_scaling,"width=64,num_facts=200",0.02,True,0,200,0.005,0.995,9.380440950393677,0.008715948089957237,0.0007554509793408215,0.009977285750210285,8.507555484771729,64
101,width_scaling,"width=64,num_facts=200",0.02,True,0,200,0.005,0.995,9.3541898727417,0.008616290055215359,0.0007554326439276338,0.009980517439544201,8.381203889846802,64
202,width_scaling,"width=64,num_facts=200",0.02,True,0,200,0.005,0.995,9.44544792175293,0.008609898388385773,0.0007554456242360175,0.009974847547709942,8.300268173217773,64
303,width_scaling,"width=64,num_facts=200",0.02,True,0,200,0.005,0.995,9.593904972076416,0.00851095374673605,0.0007554276380687952,0.009981870651245117,8.297840356826782,64
404,width_scaling,"width=64,num_facts=200",0.02,True,0,200,0.005,0.995,9.56207013130188,0.00845101848244667,0.0007554029580205679,0.009978297166526318,8.357849597930908,64
505,width_scaling,"width=64,num_facts=200",0.02,True,0,200,0.005,0.995,9.315333366394043,0.008732396177947521,0.0007554744952358305,0.00998134445399046,8.332869291305542,64
606,width_scaling,"width=64,num_facts=200",0.02,True,0,200,0.005,0.995,9.319932222366333,0.008729979395866394,0.0007554597104899585,0.00998363271355629,8.488728523254395,64
707,width_scaling,"width=64,num_facts=200",0.02,True,0,200,0.005,0.995,9.567445278167725,0.008452561683952808,0.0007554448093287647,0.009976132772862911,8.533946752548218,64
808,width_scaling,"width=64,num_facts=200",0.02,True,0,200,0.005,0.995,9.50243067741394,0.008595380932092667,0.0007554362528026104,0.009983079507946968,8.33865475654602,64
909,width_scaling,"width=64,num_facts=200",0.02,True,0,200,0.005,0.995,9.452991247177124,0.00860724039375782,0.0007554467301815748,0.009983398951590061,8.649868965148926,64
42,width_scaling,"width=64,num_facts=400",0.02,True,0,400,0.0025,0.9975,15.446438789367676,0.00860190112143755,0.0007554646581411362,0.009986343793570995,18.120333194732666,64
101,width_scaling,"width=64,num_facts=400",0.02,True,0,400,0.0025,0.9975,14.76111364364624,0.009143502451479435,0.0007555150659754872,0.009984775446355343,17.89738893508911,64
202,width_scaling,"width=64,num_facts=400",0.02,True,0,400,0.0025,0.9975,15.048255920410156,0.009016274474561214,0.0007555020274594426,0.009991251863539219,17.976319551467896,64
303,width_scaling,"width=64,num_facts=400",0.02,True,0,400,0.0025,0.9975,14.857680559158325,0.009242945350706577,0.000755536777433008,0.009989923797547817,17.892951011657715,64
404,width_scaling,"width=64,num_facts=400",0.02,True,0,400,0.0025,0.9975,14.859792232513428,0.009012900292873383,0.0007555217016488314,0.009986938908696175,17.69434428215027,64
505,width_scaling,"width=64,num_facts=400",0.02,True,0,400,0.0025,0.9975,15.322916507720947,0.008886847645044327,0.0007554816547781229,0.009992143139243126,17.747209310531616,64
606,width_scaling,"width=64,num_facts=400",0.02,True,0,400,0.0025,0.9975,15.063034534454346,0.009042447432875633,0.0007554891635663807,0.009989084675908089,17.940190076828003,64
707,width_scaling,"width=64,num_facts=400",0.02,True,0,400,0.0025,0.9975,15.13200044631958,0.009049325250089169,0.0007555066840723157,0.009993811137974262,17.67837119102478,64
808,width_scaling,"width=64,num_facts=400",0.02,True,0,400,0.0025,0.9975,15.146750688552856,0.009024565108120441,0.000755507790017873,0.009993776679039001,18.200400590896606,64
909,width_scaling,"width=64,num_facts=400",0.02,True,0,400,0.0025,0.9975,15.049672603607178,0.008790763095021248,0.0007554868352599442,0.009985174983739853,18.25127124786377,64
42,width_scaling,"width=64,num_facts=800",0.02,True,0,800,0.00125,0.99875,22.451942205429077,0.00921693630516529,0.0007555388147011399,0.00999762024730444,60.75961923599243,64
101,width_scaling,"width=64,num_facts=800",0.02,True,0,800,0.00125,0.99875,22.30522394180298,0.009207409806549549,0.0007555333431810141,0.009996499866247177,60.136364459991455,64
202,width_scaling,"width=64,num_facts=800",0.02,True,0,800,0.00125,0.99875,22.432151317596436,0.009178394451737404,0.0007555200136266649,0.009997407905757427,59.738165616989136,64
303,width_scaling,"width=64,num_facts=800",0.02,True,0,800,0.00125,0.99875,22.41245698928833,0.009324739687144756,0.000755532702896744,0.009997671470046043,60.06817054748535,64
404,width_scaling,"width=64,num_facts=800",0.02,True,0,800,0.00125,0.99875,22.618659019470215,0.008986339904367924,0.0007554987678304315,0.009997601620852947,63.31329369544983,64
505,width_scaling,"width=64,num_facts=800",0.02,True,0,800,0.00125,0.99875,22.49091672897339,0.0091945705935359,0.0007555311312898993,0.009997762739658356,61.60947632789612,64
606,width_scaling,"width=64,num_facts=800",0.02,True,0,800,0.00125,0.99875,22.66553235054016,0.008800971321761608,0.0007554860203526914,0.009995167143642902,60.79426050186157,64
707,width_scaling,"width=64,num_facts=800",0.02,True,0,800,0.00125,0.99875,22.38395118713379,0.00930769369006157,0.0007555442862212658,0.009996645152568817,59.72461199760437,64
808,width_scaling,"width=64,num_facts=800",0.02,True,0,800,0.00125,0.99875,22.677515506744385,0.009114102460443974,0.0007555025513283908,0.009997806511819363,59.74838471412659,64
909,width_scaling,"width=64,num_facts=800",0.02,True,0,800,0.00125,0.99875,22.367533445358276,0.009325273334980011,0.0007555418414995074,0.009997622109949589,58.06744360923767,64
42,width_scaling,"width=128,num_facts=5",0.02,True,0,5,0.6,0.20000000000000007,2.3040526807308197,0.006886420771479607,0.0007553099421784282,0.009999977424740791,0.35466599464416504,128
101,width_scaling,"width=128,num_facts=5",0.02,True,0,5,0.6,0.4,2.349776804447174,0.00662419106811285,0.0007572199683636427,0.009999985806643963,0.3520190715789795,128
202,width_scaling,"width=128,num_facts=5",0.02,True,0,5,0.6,0.20000000000000007,2.2782246619462967,0.007017250172793865,0.0007819609600119293,0.00999996718019247,0.3700571060180664,128
303,width_scaling,"width=128,num_facts=5",0.02,True,0,5,0.4,0.6,2.372897371649742,0.0066366479732096195,0.0007938802009448409,0.009999142959713936,0.3793816566467285,128
404,width_scaling,"width=128,num_facts=5",0.02,True,0,5,0.6,0.4,2.388916850090027,0.006633554585278034,0.0007842940976843238,0.009999977424740791,0.3352785110473633,128
505,width_scaling,"width=128,num_facts=5",0.02,True,0,5,0.6,0.20000000000000007,2.4161804616451263,0.00666638882830739,0.000785352720413357,0.009999977424740791,0.31471729278564453,128
606,width_scaling,"width=128,num_facts=5",0.02,True,0,5,0.4,0.6,2.3999053686857224,0.006686390843242407,0.0007809632224962115,0.009999985806643963,0.3120403289794922,128
707,width_scaling,"width=128,num_facts=5",0.02,True,0,5,0.8,0.0,2.3694241493940353,0.006455543916672468,0.0007697354885749519,0.009999977424740791,0.3042285442352295,128
808,width_scaling,"width=128,num_facts=5",0.02,True,0,5,0.4,0.4,2.402921050786972,0.006477628834545612,0.00077910564141348,0.009999977424740791,0.3208281993865967,128
909,width_scaling,"width=128,num_facts=5",0.02,True,0,5,0.6,0.0,2.3192830979824066,0.006616778206080198,0.000785195967182517,0.009999167174100876,0.32060694694519043,128
42,width_scaling,"width=128,num_facts=10",0.02,True,0,10,0.2,0.6000000000000001,2.403619021177292,0.006012194789946079,0.0007919649360701442,0.009858726523816586,0.7067317962646484,128
101,width_scaling,"width=128,num_facts=10",0.02,True,0,10,0.4,0.29999999999999993,2.5715173482894897,0.006208598148077726,0.0008159035351127386,0.009910829365253448,0.7772269248962402,128
202,width_scaling,"width=128,num_facts=10",0.02,True,0,10,0.2,0.7,2.6942735612392426,0.005996809806674719,0.0008142711594700813,0.009910590015351772,0.6789462566375732,128
303,width_scaling,"width=128,num_facts=10",0.02,True,0,10,0.3,0.7,2.416457325220108,0.006174840964376926,0.0007783026085235178,0.009964993223547935,0.7477281093597412,128
404,width_scaling,"width=128,num_facts=10",0.02,True,0,10,0.3,0.7,2.5609480440616608,0.00615436676889658,0.0008032410405576229,0.00986249279230833,0.7269659042358398,128
505,width_scaling,"width=128,num_facts=10",0.02,True,0,10,0.3,0.6000000000000001,2.4449508786201477,0.006285869050770998,0.0008040497777983546,0.009840869344770908,0.6537091732025146,128
606,width_scaling,"width=128,num_facts=10",0.02,True,0,10,0.2,0.7,2.520280510187149,0.006019917316734791,0.00080125592648983,0.009889702312648296,0.6529223918914795,128
707,width_scaling,"width=128,num_facts=10",0.02,True,0,10,0.3,0.6000000000000001,2.5564703047275543,0.006182849407196045,0.0007973065949045122,0.009897775016725063,0.6862115859985352,128
808,width_scaling,"width=128,num_facts=10",0.02,True,0,10,0.3,0.39999999999999997,2.491441011428833,0.006010918412357569,0.0008111955830827355,0.009924198500812054,0.6211986541748047,128
909,width_scaling,"width=128,num_facts=10",0.02,True,0,10,0.3,0.5,2.673202157020569,0.005860770121216774,0.0007979815127328038,0.00992088858038187,0.6685543060302734,128
42,width_scaling,"width=128,num_facts=20",0.02,True,0,20,0.1,0.85,2.6146625876426697,0.006462815683335066,0.0007552882889285684,0.009879573248326778,1.5392088890075684,128
101,width_scaling,"width=128,num_facts=20",0.02,True,0,20,0.15,0.4,2.717523515224457,0.006058624479919672,0.0007599700475111604,0.009866330772638321,1.3249483108520508,128
202,width_scaling,"width=128,num_facts=20",0.02,True,0,20,0.1,0.7000000000000001,2.534877121448517,0.006263929884880781,0.0007553527248091996,0.00982909370213747,1.4454894065856934,128
303,width_scaling,"width=128,num_facts=20",0.02,True,0,20,0.05,0.95,2.672828495502472,0.006558752618730068,0.0007554081385023892,0.009822116233408451,1.2521824836730957,128
404,width_scaling,"width=128,num_facts=20",0.02,True,0,20,0.1,0.8,2.556217312812805,0.006457317154854536,0.0007553210598416626,0.009829066693782806,1.3360486030578613,128
505,width_scaling,"width=128,num_facts=20",0.02,True,0,20,0.05,0.8999999999999999,2.64166396856308,0.006301997695118189,0.0007552942843176425,0.009754261001944542,1.327805519104004,128
606,width_scaling,"width=128,num_facts=20",0.02,True,0,20,0.15,0.85,2.5068323612213135,0.006428548600524664,0.000755327579099685,0.00981843564659357,1.3343720436096191,128
707,width_scaling,"width=128,num_facts=20",0.02,True,0,20,0.05,0.75,2.639758825302124,0.005717243067920208,0.0007674447260797024,0.009751266799867153,1.2724204063415527,128
808,width_scaling,"width=128,num_facts=20",0.02,True,0,20,0.15,0.65,2.6355342268943787,0.006132776383310556,0.0007551706512458622,0.00978991948068142,1.32094407081604,128
909,width_scaling,"width=128,num_facts=20",0.02,True,0,20,0.2,0.8,2.5688332319259644,0.006427215412259102,0.000764174445066601,0.0098503353074193,1.2585830688476562,128
42,width_scaling,"width=128,num_facts=50",0.02,True,0,50,0.02,0.98,3.981413722038269,0.007643878925591707,0.0007554094772785902,0.00992895383387804,3.915949583053589,128
101,width_scaling,"width=128,num_facts=50",0.02,True,0,50,0.02,0.98,3.9015119075775146,0.007623767480254173,0.0007553314208053052,0.009941103868186474,3.5376572608947754,128
202,width_scaling,"width=128,num_facts=50",0.02,True,0,50,0.02,0.98,4.099233865737915,0.00744133535772562,0.0007553568575531244,0.009953317232429981,3.6109282970428467,128
303,width_scaling,"width=128,num_facts=50",0.02,True,0,50,0.02,0.98,4.05484664440155,0.00759220402687788,0.0007554630865342915,0.009890495799481869,3.1493349075317383,128
404,width_scaling,"width=128,num_facts=50",0.02,True,0,50,0.02,0.98,3.9695507287979126,0.007587219588458538,0.0007554112817160785,0.009891243651509285,3.410031795501709,128
505,width_scaling,"width=128,num_facts=50",0.02,True,0,50,0.02,0.98,4.004740476608276,0.007466866634786129,0.0007554354378953576,0.0098875118419528,3.712740659713745,128
606,width_scaling,"width=128,num_facts=50",0.02,True,0,50,0.02,0.98,4.019825577735901,0.007810319308191538,0.0007554759504273534,0.009922732599079609,3.23828125,128
707,width_scaling,"width=128,num_facts=50",0.02,True,0,50,0.02,0.98,4.0118855237960815,0.007454420905560255,0.0007554328767582774,0.009910049848258495,3.23454213142395,128
808,width_scaling,"width=128,num_facts=50",0.02,True,0,50,0.02,0.98,4.162182927131653,0.007558112032711506,0.000755393470171839,0.00991206243634224,3.3035471439361572,128
909,width_scaling,"width=128,num_facts=50",0.02,True,0,50,0.02,0.98,4.130194187164307,0.007346576079726219,0.0007554041803814471,0.009923098608851433,3.7338361740112305,128
42,width_scaling,"width=128,num_facts=100",0.02,True,0,100,0.01,0.99,6.787709712982178,0.008363787084817886,0.0007599887903779745,0.009984233416616917,8.373606204986572,128
101,width_scaling,"width=128,num_facts=100",0.02,True,0,100,0.01,0.99,6.9272966384887695,0.00826957542449236,0.0008115596720017493,0.009976360015571117,8.770788431167603,128
202,width_scaling,"width=128,num_facts=100",0.02,True,0,100,0.01,0.99,6.928021430969238,0.008241922594606876,0.0007934867171570659,0.009982421062886715,6.366119146347046,128
303,width_scaling,"width=128,num_facts=100",0.02,True,0,100,0.01,0.99,6.776510238647461,0.008330083452165127,0.0007554454496130347,0.009971551597118378,6.8016839027404785,128
404,width_scaling,"width=128,num_facts=100",0.02,True,0,100,0.01,0.99,6.715878009796143,0.00826878659427166,0.0007554588373750448,0.009972753003239632,6.656414985656738,128
505,width_scaling,"width=128,num_facts=100",0.02,True,0,100,0.01,0.99,6.802574872970581,0.008315504528582096,0.0007554402109235525,0.00997097883373499,6.608417510986328,128
606,width_scaling,"width=128,num_facts=100",0.02,True,0,100,0.01,0.99,6.787139415740967,0.008350465446710587,0.0007554491749033332,0.00997691135853529,6.878587007522583,128
707,width_scaling,"width=128,num_facts=100",0.02,True,0,100,0.01,0.99,6.908544063568115,0.008322866633534431,0.0008183825411833823,0.009979215450584888,7.08897066116333,128
808,width_scaling,"width=128,num_facts=100",0.02,True,0,100,0.01,0.99,6.7509167194366455,0.008222352713346481,0.0007553971372544765,0.009968613274395466,6.769984006881714,128
909,width_scaling,"width=128,num_facts=100",0.02,True,0,100,0.01,0.99,6.6966774463653564,0.008182181045413017,0.0007554446929134429,0.009972641244530678,7.92537784576416,128
42,width_scaling,"width=128,num_facts=200",0.02,True,0,200,0.005,0.995,11.320630550384521,0.008641721680760384,0.0008293008431792259,0.009990591555833817,16.76363492012024,128
101,width_scaling,"width=128,num_facts=200",0.02,True,0,200,0.005,0.995,11.147290229797363,0.008579280227422714,0.0007554818876087666,0.009981269016861916,18.241812467575073,128
202,width_scaling,"width=128,num_facts=200",0.02,True,0,200,0.005,0.995,11.509763479232788,0.008509487845003605,0.0008255649008788168,0.009987286292016506,15.74095606803894,128
303,width_scaling,"width=128,num_facts=200",0.02,True,0,200,0.005,0.995,11.14240288734436,0.008553563617169857,0.0008288250537589192,0.009986848570406437,14.5698823928833,128
404,width_scaling,"width=128,num_facts=200",0.02,True,0,200,0.005,0.995,11.304777145385742,0.008610625751316547,0.0008273262646980584,0.009990597143769264,15.241385459899902,128
505,width_scaling,"width=128,num_facts=200",0.02,True,0,200,0.005,0.995,11.45220947265625,0.008584641851484776,0.0008255076827481389,0.009992395527660847,18.04510474205017,128
606,width_scaling,"width=128,num_facts=200",0.02,True,0,200,0.005,0.995,11.263302564620972,0.008628024719655514,0.0008293797727674246,0.009988251142203808,16.112457752227783,128
707,width_scaling,"width=128,num_facts=200",0.02,True,0,200,0.005,0.995,11.57764220237732,0.008426535874605179,0.0008224809425882995,0.009991195052862167,14.658467769622803,128
808,width_scaling,"width=128,num_facts=200",0.02,True,0,200,0.005,0.995,11.325165033340454,0.008613153360784054,0.0007617684314027429,0.009993049316108227,13.62797212600708,128
909,width_scaling,"width=128,num_facts=200",0.02,True,0,200,0.005,0.995,11.237520456314087,0.008626063354313374,0.0008075191872194409,0.009984548203647137,13.763716697692871,128
42,width_scaling,"width=128,num_facts=400",0.02,True,0,400,0.0025,0.9975,17.049019813537598,0.008680852130055428,0.0008303619106300175,0.009991363622248173,30.789518117904663,128
101,width_scaling,"width=128,num_facts=400",0.02,True,0,400,0.0025,0.9975,17.439483880996704,0.008428060449659824,0.0008276251028291881,0.009993280284106731,31.26868987083435,128
202,width_scaling,"width=128,num_facts=400",0.02,True,0,400,0.0025,0.9975,17.24341893196106,0.008703221566975117,0.0008295992156490684,0.009996156208217144,32.081443071365356,128
303,width_scaling,"width=128,num_facts=400",0.02,True,0,400,0.0025,0.9975,16.990328311920166,0.008741937577724457,0.0008311173878610134,0.009996868669986725,31.829130172729492,128
404,width_scaling,"width=128,num_facts=400",0.02,True,0,400,0.0025,0.9975,16.675256729125977,0.008929375559091568,0.0008330242126248777,0.009988450445234776,31.10414171218872,128
505,width_scaling,"width=128,num_facts=400",0.02,True,0,400,0.0025,0.9975,16.897314310073853,0.008824188262224197,0.0008314086007885635,0.009995225816965103,31.88488793373108,128
606,width_scaling,"width=128,num_facts=400",0.02,True,0,400,0.0025,0.9975,16.646204710006714,0.008969542570412159,0.0008338860352523625,0.009986570104956627,36.52890396118164,128
707,width_scaling,"width=128,num_facts=400",0.02,True,0,400,0.0025,0.9975,16.694331169128418,0.009058969095349312,0.0008344139205291867,0.009993941523134708,30.09905505180359,128
808,width_scaling,"width=128,num_facts=400",0.02,True,0,400,0.0025,0.9975,16.886800050735474,0.008939066901803017,0.000832894875202328,0.009994718246161938,30.137428522109985,128
909,width_scaling,"width=128,num_facts=400",0.02,True,0,400,0.0025,0.9975,16.74973177909851,0.008934129029512405,0.0008334573940373957,0.009993091225624084,28.84415602684021,128
42,width_scaling,"width=128,num_facts=800",0.02,True,0,800,0.00125,0.99875,23.027762174606323,0.009105770848691463,0.0007623234996572137,0.009998512454330921,71.46853876113892,128
101,width_scaling,"width=128,num_facts=800",0.02,True,0,800,0.00125,0.99875,23.273760318756104,0.008922371082007885,0.0008330448181368411,0.009997761808335781,71.03394722938538,128
202,width_scaling,"width=128,num_facts=800",0.02,True,0,800,0.00125,0.99875,23.290895700454712,0.00906204804778099,0.0007555131451226771,0.00999805424362421,71.07533836364746,128
303,width_scaling,"width=128,num_facts=800",0.02,True,0,800,0.00125,0.99875,23.24596905708313,0.008911989629268646,0.0008329541306011379,0.009997843764722347,72.8083930015564,128
404,width_scaling,"width=128,num_facts=800",0.02,True,0,800,0.00125,0.99875,23.26854419708252,0.00894069205969572,0.0008328498806804419,0.009996354579925537,72.55211877822876,128
505,width_scaling,"width=128,num_facts=800",0.02,True,0,800,0.00125,0.99875,23.251966953277588,0.008982282131910324,0.0008339724154211581,0.009997534565627575,70.83276844024658,128
606,width_scaling,"width=128,num_facts=800",0.02,True,0,800,0.00125,0.99875,23.243268489837646,0.008991079404950142,0.0008336813189089298,0.009998539462685585,72.5157642364502,128
707,width_scaling,"width=128,num_facts=800",0.02,True,0,800,0.00125,0.99875,23.131058931350708,0.00904313288629055,0.0008348103147000074,0.009998367168009281,76.35182237625122,128
808,width_scaling,"width=128,num_facts=800",0.02,True,0,800,0.00125,0.99875,23.331263303756714,0.009013911709189415,0.0007766084163449705,0.00999721884727478,71.97342157363892,128
909,width_scaling,"width=128,num_facts=800",0.02,True,0,800,0.00125,0.99875,23.113625526428223,0.009040621109306812,0.0007844842039048672,0.009998071938753128,69.9120626449585,128
42,width_scaling,"width=256,num_facts=5",0.02,True,0,5,0.4,0.6,3.042806088924408,0.006968533154577017,0.0007702520815655589,0.009999969974160194,0.4376242160797119,256
101,width_scaling,"width=256,num_facts=5",0.02,True,0,5,0.4,0.4,3.1674476265907288,0.00700906477868557,0.0008114271331578493,0.009998276829719543,0.39896225929260254,256
202,width_scaling,"width=256,num_facts=5",0.02,True,0,5,0.6,0.20000000000000007,2.984508067369461,0.007170205470174551,0.00075724464841187,0.009980599395930767,0.54630446434021,256
303,width_scaling,"width=256,num_facts=5",0.02,True,0,5,0.6,0.4,3.0901709496974945,0.007257880177348852,0.0007601346587762237,0.009999899193644524,0.42583370208740234,256
404,width_scaling,"width=256,num_facts=5",0.02,True,0,5,0.4,0.6,3.3256131559610367,0.006742225494235754,0.0007821639883331954,0.009999984875321388,0.3795464038848877,256
505,width_scaling,"width=256,num_facts=5",0.02,True,0,5,0.4,0.6,3.166898250579834,0.007174200378358364,0.0007550999289378524,0.009999985806643963,0.38813090324401855,256
606,width_scaling,"width=256,num_facts=5",0.02,True,0,5,0.6,0.4,2.8922390192747116,0.007156270556151867,0.0007662295829504728,0.009977221488952637,0.39127039909362793,256
707,width_scaling,"width=256,num_facts=5",0.02,True,0,5,0.2,0.6000000000000001,3.0709157288074493,0.007117082364857197,0.0007644066354259849,0.00998766254633665,0.3979003429412842,256
808,width_scaling,"width=256,num_facts=5",0.02,True,0,5,0.6,0.4,3.1603956818580627,0.007005645893514156,0.0007722752634435892,0.009982449002563953,0.3942384719848633,256
909,width_scaling,"width=256,num_facts=5",0.02,True,0,5,0.4,0.6,3.1190392673015594,0.006916107144206762,0.0007614551577717066,0.00999985821545124,0.37877440452575684,256
42,width_scaling,"width=256,num_facts=10",0.02,True,0,10,0.3,0.2,3.1130397021770477,0.006962115410715342,0.0007610015454702079,0.00992986187338829,0.7674312591552734,256
101,width_scaling,"width=256,num_facts=10",0.02,True,0,10,0.2,0.09999999999999998,3.1366416811943054,0.00705380504950881,0.0007625191356055439,0.009914507158100605,0.7713513374328613,256
202,width_scaling,"width=256,num_facts=10",0.02,True,0,10,0.5,0.19999999999999996,3.2834470868110657,0.007107019890099764,0.0008332298020832241,0.009946209378540516,0.9002385139465332,256
303,width_scaling,"width=256,num_facts=10",0.02,True,0,10,0.3,0.6000000000000001,3.2408060133457184,0.0072703794576227665,0.0007557211210951209,0.009898902848362923,0.7895829677581787,256
404,width_scaling,"width=256,num_facts=10",0.02,True,0,10,0.3,0.3,3.0131098330020905,0.0072278366424143314,0.000779026304371655,0.009884735569357872,0.7437460422515869,256
505,width_scaling,"width=256,num_facts=10",0.02,True,0,10,0.4,0.09999999999999998,3.1175395846366882,0.007079490460455418,0.0008233010303229094,0.00993917603045702,0.738126277923584,256
606,width_scaling,"width=256,num_facts=10",0.02,True,0,10,0.3,0.3,3.2149807512760162,0.006968026980757713,0.0007906810496933758,0.00994050968438387,0.739964485168457,256
707,width_scaling,"width=256,num_facts=10",0.02,True,0,10,0.3,0.2,3.252733051776886,0.006935733370482922,0.0008265689248219132,0.009847840294241905,0.8261864185333252,256
808,width_scaling,"width=256,num_facts=10",0.02,True,0,10,0.2,0.2,3.1925429105758667,0.0070808990858495235,0.0007812649710103869,0.009884575381875038,0.8930730819702148,256
909,width_scaling,"width=256,num_facts=10",0.02,True,0,10,0.3,0.2,3.188313663005829,0.00696449214592576,0.0008267122320830822,0.009871185757219791,0.732966423034668,256
42,width_scaling,"width=256,num_facts=20",0.02,True,0,20,0.05,0.05,3.674936056137085,0.007514810189604759,0.0008288015378639102,0.009947497397661209,1.8673336505889893,256
101,width_scaling,"width=256,num_facts=20",0.02,True,0,20,0.1,0.0,3.6669244170188904,0.007418874651193619,0.0007716341642662883,0.009955480694770813,1.4421684741973877,256
202,width_scaling,"width=256,num_facts=20",0.02,True,0,20,0.15,0.19999999999999998,3.661134660243988,0.007696071173995733,0.0007908690022304654,0.009957925416529179,1.5951993465423584,256
303,width_scaling,"width=256,num_facts=20",0.02,True,0,20,0.1,0.04999999999999999,3.758438527584076,0.007423980161547661,0.0008239973103627563,0.009948356077075005,1.7522518634796143,256
404,width_scaling,"width=256,num_facts=20",0.02,True,0,20,0.1,0.0,3.6974335312843323,0.00756085803732276,0.0007554360199719667,0.009941826574504375,1.5225400924682617,256
505,width_scaling,"width=256,num_facts=20",0.02,True,0,20,0.05,0.2,3.558044731616974,0.007217896170914173,0.0007726359181106091,0.009900669567286968,1.5340135097503662,256
606,width_scaling,"width=256,num_facts=20",0.02,True,0,20,0.15,0.19999999999999998,3.5393041372299194,0.007708249147981405,0.0007555022020824254,0.009915493428707123,1.6972863674163818,256
707,width_scaling,"width=256,num_facts=20",0.02,True,0,20,0.1,0.04999999999999999,3.5889700055122375,0.007705552503466606,0.000782048562541604,0.009955903515219688,1.7660174369812012,256
808,width_scaling,"width=256,num_facts=20",0.02,True,0,20,0.15,-0.04999999999999999,3.6494582295417786,0.007456033956259489,0.0007554906769655645,0.009927766397595406,1.5215306282043457,256
909,width_scaling,"width=256,num_facts=20",0.02,True,0,20,0.1,0.0,3.559258460998535,0.007690115366131067,0.0008343636291101575,0.0099419504404068,1.6391539573669434,256
42,width_scaling,"width=256,num_facts=50",0.02,True,0,50,0.02,0.0,5.8626768589019775,0.008270176127552986,0.000834896694868803,0.009993662126362324,3.981369972229004,256
101,width_scaling,"width=256,num_facts=50",0.02,True,0,50,0.0,0.02,5.922946214675903,0.008261051028966904,0.0008337323670275509,0.009988491423428059,3.9672787189483643,256
202,width_scaling,"width=256,num_facts=50",0.02,True,0,50,0.02,0.039999999999999994,5.9469627141952515,0.00838019885122776,0.0008348499541170895,0.00999167189002037,3.970275640487671,256
303,width_scaling,"width=256,num_facts=50",0.02,True,0,50,0.02,0.06,5.950379848480225,0.00822783075273037,0.0008318966720253229,0.009985793381929398,4.331990480422974,256
404,width_scaling,"width=256,num_facts=50",0.02,True,0,50,0.0,0.04,5.872647762298584,0.008227124810218811,0.000834558391943574,0.009991239756345749,4.402459383010864,256
505,width_scaling,"width=256,num_facts=50",0.02,True,0,50,0.08,-0.020000000000000004,5.819315314292908,0.008420988917350769,0.0008362429798580706,0.009987751953303814,3.9237444400787354,256
606,width_scaling,"width=256,num_facts=50",0.02,True,0,50,0.04,0.019999999999999997,5.915367841720581,0.008213556371629238,0.0008351529249921441,0.00999226700514555,3.8884027004241943,256
707,width_scaling,"width=256,num_facts=50",0.02,True,0,50,0.02,0.02,6.148258686065674,0.00838875025510788,0.0008358311606571078,0.009986449033021927,4.036887168884277,256
808,width_scaling,"width=256,num_facts=50",0.02,True,0,50,0.04,-0.02,5.959794282913208,0.008219870738685131,0.0008307090029120445,0.009988455101847649,3.748424530029297,256
909,width_scaling,"width=256,num_facts=50",0.02,True,0,50,0.02,0.02,6.105331182479858,0.008127961307764053,0.0008342705550603569,0.009985480457544327,3.7779014110565186,256
42,width_scaling,"width=256,num_facts=100",0.02,True,0,100,0.01,0.0,9.101641416549683,0.008837379515171051,0.0008390748407691717,0.009998046793043613,8.083287715911865,256
101,width_scaling,"width=256,num_facts=100",0.02,True,0,100,0.01,0.0,9.430437803268433,0.008728616870939732,0.0008370104478672147,0.009997960180044174,8.107823848724365,256
202,width_scaling,"width=256,num_facts=100",0.02,True,0,100,0.0,0.02,9.334045171737671,0.008843635208904743,0.0008368694689124823,0.009998423978686333,7.97727632522583,256
303,width_scaling,"width=256,num_facts=100",0.02,True,0,100,0.01,0.01,9.14828634262085,0.008742946200072765,0.0008381142397411168,0.009996936656534672,7.961611747741699,256
404,width_scaling,"width=256,num_facts=100",0.02,True,0,100,0.0,0.05,9.0696861743927,0.008744454011321068,0.0008367542177438736,0.009998463094234467,7.855447292327881,256
505,width_scaling,"width=256,num_facts=100",0.02,True,0,100,0.01,0.019999999999999997,9.418304681777954,0.008628320880234241,0.0008374761091545224,0.009998765774071217,8.131064414978027,256
606,width_scaling,"width=256,num_facts=100",0.02,True,0,100,0.01,0.0,9.247153282165527,0.008719035424292088,0.0008378235506825149,0.009996581822633743,8.146265029907227,256
707,width_scaling,"width=256,num_facts=100",0.02,True,0,100,0.0,0.05,9.132777452468872,0.008780297823250294,0.0008392046438530087,0.00999458972364664,7.989370584487915,256
808,width_scaling,"width=256,num_facts=100",0.02,True,0,100,0.0,0.01,9.404534339904785,0.008841322734951973,0.00083864142652601,0.009996839798986912,8.19237732887268,256
909,width_scaling,"width=256,num_facts=100",0.02,True,0,100,0.01,0.01,9.328490257263184,0.008727483451366425,0.0008354994934052229,0.009996523149311543,7.942281723022461,256
42,width_scaling,"width=256,num_facts=200",0.02,True,0,200,0.005,0.0,13.953470706939697,0.008596719242632389,0.0009012774680741131,0.00999952107667923,21.227094173431396,256
101,width_scaling,"width=256,num_facts=200",0.02,True,0,200,0.005,0.009999999999999998,14.020027160644531,0.008507593534886837,0.0008328976109623909,0.009998680092394352,20.497943878173828,256
202,width_scaling,"width=256,num_facts=200",0.02,True,0,200,0.005,0.005,13.957314014434814,0.008512236177921295,0.0008317757747136056,0.00999921839684248,22.292093515396118,256
303,width_scaling,"width=256,num_facts=200",0.02,True,0,200,0.005,0.005,14.16858959197998,0.008477202616631985,0.000833819096442312,0.009998488239943981,18.458849906921387,256
404,width_scaling,"width=256,num_facts=200",0.02,True,0,200,0.01,0.0,14.195923328399658,0.008302451111376286,0.000829509983304888,0.009998931549489498,17.16494083404541,256
505,width_scaling,"width=256,num_facts=200",0.02,True,0,200,0.01,0.015000000000000001,14.23089599609375,0.008410735987126827,0.000829890021122992,0.009998415596783161,17.009986639022827,256
606,width_scaling,"width=256,num_facts=200",0.02,True,0,200,0.005,0.02,14.487419128417969,0.00779308145865798,0.0008303471258841455,0.009998288005590439,17.601218223571777,256
707,width_scaling,"width=256,num_facts=200",0.02,True,0,200,0.005,0.0,14.35620641708374,0.00843033380806446,0.0008303698268719018,0.009998767636716366,17.57750129699707,256
808,width_scaling,"width=256,num_facts=200",0.02,True,0,200,0.015,-0.009999999999999998,14.224337100982666,0.008601049892604351,0.0008315923623740673,0.009999435395002365,19.007755279541016,256
909,width_scaling,"width=256,num_facts=200",0.02,True,0,200,0.01,-0.005,14.54022216796875,0.007834242656826973,0.0008298576576635242,0.009998751804232597,18.443716764450073,256
42,width_scaling,"width=256,num_facts=400",0.02,True,0,400,0.0025,0.01,20.62610673904419,0.00814669206738472,0.0008312741992995143,0.009999152272939682,40.140159606933594,256
101,width_scaling,"width=256,num_facts=400",0.02,True,0,400,0.0,0.005,20.624784469604492,0.008108752779662609,0.0008294841973111033,0.009997185319662094,39.214043617248535,256
202,width_scaling,"width=256,num_facts=400",0.02,True,0,400,0.005,0.009999999999999998,20.727214336395264,0.008017480373382568,0.0008320515044033527,0.009999549947679043,39.66581654548645,256
303,width_scaling,"width=256,num_facts=400",0.02,True,0,400,0.0025,0.049999999999999996,20.742018222808838,0.008269928395748138,0.0008290974656119943,0.009998388588428497,38.93898797035217,256
404,width_scaling,"width=256,num_facts=400",0.02,True,0,400,0.0025,0.015000000000000001,20.524592876434326,0.008092534728348255,0.0008299924666061997,0.009997274726629257,38.92490530014038,256
505,width_scaling,"width=256,num_facts=400",0.02,True,0,400,0.0025,0.004999999999999999,20.683912754058838,0.008327458053827286,0.000831201090477407,0.009999013505876064,38.03904867172241,256
606,width_scaling,"width=256,num_facts=400",0.02,True,0,400,0.0025,0.055,20.628915786743164,0.008387189358472824,0.0008304257644340396,0.00999944657087326,38.57215642929077,256
707,width_scaling,"width=256,num_facts=400",0.02,True,0,400,0.0,0.015,20.659928798675537,0.008288362994790077,0.0008302991627715528,0.009998631663620472,39.27001237869263,256
808,width_scaling,"width=256,num_facts=400",0.02,True,0,400,0.0025,0.01,20.545566082000732,0.008148998022079468,0.0008322895737364888,0.009998268447816372,41.654003381729126,256
909,width_scaling,"width=256,num_facts=400",0.02,True,0,400,0.0025,0.042499999999999996,20.691349506378174,0.008076915517449379,0.0008289232500828803,0.009998572990298271,46.61112070083618,256
42,width_scaling,"width=256,num_facts=800",0.02,True,0,800,0.0025,0.18375,28.236050605773926,0.00846999604254961,0.0008301824564114213,0.00999877043068409,114.21434497833252,256
101,width_scaling,"width=256,num_facts=800",0.02,True,0,800,0.00125,0.1525,28.273799896240234,0.008344701491296291,0.0008285758667625487,0.009997641667723656,104.42384028434753,256
202,width_scaling,"width=256,num_facts=800",0.02,True,0,800,0.0025,0.14625,28.292229652404785,0.008461100049316883,0.0008292478742077947,0.009998400695621967,102.33601379394531,256
303,width_scaling,"width=256,num_facts=800",0.02,True,0,800,0.00125,0.21125,28.2813777923584,0.00839272327721119,0.0008288633543998003,0.009998275898396969,102.2864363193512,256
404,width_scaling,"width=256,num_facts=800",0.02,True,0,800,0.00125,0.195,28.299251556396484,0.008108916692435741,0.00082736078184098,0.009996908716857433,104.78899359703064,256
505,width_scaling,"width=256,num_facts=800",0.02,True,0,800,0.00375,0.13874999999999998,28.32990837097168,0.008391782641410828,0.0008306796662509441,0.009997042827308178,103.87621331214905,256
606,width_scaling,"width=256,num_facts=800",0.02,True,0,800,0.0,0.13625,28.335067749023438,0.008424954488873482,0.000829898111987859,0.009997428394854069,102.18687510490417,256
707,width_scaling,"width=256,num_facts=800",0.02,True,0,800,0.0,0.1725,28.341816902160645,0.008298719301819801,0.0008285585208795965,0.009997934103012085,101.58997774124146,256
808,width_scaling,"width=256,num_facts=800",0.02,True,0,800,0.00125,0.2,28.1805362701416,0.008431507274508476,0.0008295209845528007,0.009998170658946037,102.25623989105225,256
909,width_scaling,"width=256,num_facts=800",0.02,True,0,800,0.0,0.16125,28.34981060028076,0.008308346383273602,0.000827510142698884,0.0099980803206563,98.22562217712402,256
