N,mode,projection_type,W,recall_at_1,recall_at_5,recall_at_10,mean_rank,mean_margin,p5_margin,mean_gap_ratio,mean_top1_dist,mean_top2_dist,mean_decision_gap,neighbor_recall_at_10,distortion_rate
100,capacity,identity,384,0.95,1.0,1.0,1.06,1.4527134990692139,0.027008390426635748,1.1595287720629766,9.955081272125245,11.407794771194459,1.4738819789886475,1.0,0.0
100,capacity,random,32,0.61,0.9033333333333333,0.9633333333333333,0.0,0.032828547159830725,-0.11563840806484223,0.0,0.0,0.0,0.07287743826707205,0.6349999999999999,0.004382490956534942
100,capacity,svd,32,0.81,1.0,1.0,1.31,0.23962726950645447,-0.06519923210144042,1.1833575546005441,1.5946040213108064,1.8342312908172607,0.25831801652908326,0.765,0.04747156798839569
100,capacity,learned,32,0.86,1.0,1.0,1.19,0.2659276968240738,-0.06881904602050781,1.3725279899992662,0.9098261970281601,1.1757538938522338,0.28472287476062774,0.6609999999999999,0.06031622737646103
100,capacity,random,64,0.8033333333333333,0.9833333333333334,0.9966666666666667,0.0,0.16144528230031333,-0.08024363517761231,0.0,0.0,0.0,0.18266915440559386,0.6896666666666667,0.0034236778349926076
100,capacity,svd,64,0.92,1.0,1.0,1.09,0.6634370219707489,-0.0197664737701416,1.288990019923495,2.5967636811733246,3.2602007031440734,0.6708757078647614,0.8050000000000002,0.024909228086471558
100,capacity,learned,64,0.87,1.0,1.0,1.22,0.5377696168422699,-0.14844548106193542,1.3131341233196117,1.8875203227996826,2.4252899396419525,0.570305083990097,0.7140000000000001,0.05758752301335335
100,capacity,random,128,0.85,0.9966666666666667,1.0,0.0,0.38377516031265263,-0.10721640984217325,0.0,0.0,0.0,0.4107174690564473,0.7453333333333334,0.0027902521348247924
100,capacity,svd,128,0.93,1.0,1.0,1.08,0.9410866951942444,-0.04346113204956055,1.2311149905878263,4.536826984882355,5.4779136800765995,0.9507922291755676,0.7660000000000001,0.00663708196952939
100,capacity,learned,128,0.91,1.0,1.0,1.11,1.2512732458114624,-0.11053149700164795,1.3769232681337022,3.8118798899650574,5.06315313577652,1.2787812280654907,0.7349999999999999,0.05710308626294136
100,capacity,random,256,0.91,1.0,1.0,0.0,0.856188842455546,-0.1258254051208496,0.0,0.0,0.0,0.8905030234654744,0.8013333333333336,0.0019130479001129668
100,capacity,svd,256,0.94,1.0,1.0,1.07,0.9454145860671997,-0.052779865264892575,1.1388787778980882,7.320089387893677,8.265503973960877,0.9546408414840698,0.7640000000000002,0.01958119496703148
100,capacity,learned,256,0.93,1.0,1.0,1.07,2.510186343193054,-0.12355384826660155,1.3643123815258342,7.809601616859436,10.31978796005249,2.567604384422302,0.7329999999999999,0.05687608942389488
100,generalization,identity,384,0.98,1.0,1.0,1.02,1.843640022277832,0.5738215923309327,1.1967919836276564,9.931651191711426,11.775291213989258,1.870180549621582,1.0,0.0
100,generalization,random,32,0.7733333333333333,0.9666666666666667,1.0,0.0,0.07533934990564982,-0.09062910377979277,0.0,0.0,0.0,0.09754472136497498,0.7746666666666667,0.004435304474706451
100,generalization,svd,32,0.9,1.0,1.0,1.1,0.19561275243759155,-0.08360220789909362,1.1395091050707464,1.5453749632835387,1.7409877157211304,0.2228850817680359,0.8140000000000001,0.03371842950582504
100,generalization,learned,32,0.9,1.0,1.0,1.14,0.2549040949344635,-0.043258112668991086,1.2940151100302892,0.9812854325771332,1.2361895275115966,0.2723753345012665,0.76,0.04828793182969093
100,generalization,random,64,0.9199999999999999,1.0,1.0,0.0,0.23646210590998332,-0.016511156161626173,0.0,0.0,0.0,0.24773877064387004,0.8133333333333335,0.0032897222942362228
100,generalization,svd,64,0.94,1.0,1.0,1.06,0.4484728026390076,0.025336527824401878,1.1826739256873855,2.564530155658722,3.0130029582977294,0.45928058385848997,0.8380000000000001,0.01503724604845047
100,generalization,learned,64,0.88,1.0,1.0,1.12,0.5601277422904968,-0.20182547569274903,1.2990624158702255,2.012587380409241,2.5727151226997376,0.6124774479866028,0.78,0.044575467705726624
100,generalization,random,128,0.9466666666666667,1.0,1.0,0.0,0.5211334848403931,0.03181506792704266,0.0,0.0,0.0,0.5381266864140829,0.852,0.0027726604603230953
100,generalization,svd,128,0.98,1.0,1.0,1.02,0.782275276184082,0.32167370319366456,1.1779560249567933,4.540832290649414,5.323107566833496,0.7852458190917969,0.8739999999999999,0.0056077842600643635
100,generalization,learned,128,0.94,1.0,1.0,1.06,1.2408295631408692,-0.004002451896667475,1.3370663216550975,4.016303396224975,5.257132959365845,1.2478013038635254,0.7760000000000001,0.0462990403175354
100,generalization,random,256,0.98,1.0,1.0,0.0,1.1500557072957358,0.2474339564641317,0.0,0.0,0.0,1.1681553904215496,0.8773333333333335,0.0018983610983317096
100,generalization,svd,256,1.0,1.0,1.0,1.0,1.3656529998779297,0.4147326946258545,1.1982725726028405,7.142969913482666,8.508622913360595,1.3656529998779297,0.852,0.011685952544212341
100,generalization,learned,256,0.86,1.0,1.0,1.14,2.447354030609131,-0.5654417037963867,1.3280348054262539,8.101994276046753,10.549348306655883,2.6133950042724607,0.7840000000000003,0.04530823975801468
200,capacity,identity,384,0.95,1.0,1.0,1.055,1.484641718864441,0.027005624771118203,1.1600518989104365,10.000797629356384,11.485439348220826,1.5026100635528565,1.0,0.0
200,capacity,random,32,0.5683333333333334,0.8616666666666667,0.9333333333333332,0.0,0.02876847952604294,-0.12677200635274252,0.0,0.0,0.0,0.07157849262158075,0.6316666666666667,0.004144406178966165
200,capacity,svd,32,0.805,1.0,1.0,1.28,0.15999754130840302,-0.1289050757884979,1.1126987909989552,1.5881729340553283,1.7481704753637315,0.1927741539478302,0.754,0.04933834820985794
200,capacity,learned,32,0.865,1.0,1.0,1.205,0.17341449201107026,-0.07693061232566832,1.204848384344394,0.9798272868990898,1.15324177891016,0.1936296308040619,0.6869999999999998,0.06129537150263786
200,capacity,random,64,0.7716666666666666,0.9816666666666666,0.9916666666666666,0.0,0.15930395702521005,-0.09776261846224467,0.0,0.0,0.0,0.1863186226288477,0.7088333333333333,0.0031669126668324075
200,capacity,svd,64,0.91,1.0,1.0,1.1,0.5714258766174316,-0.06014351844787597,1.2356664164649793,2.630885202884674,3.2023110795021057,0.586191862821579,0.8215,0.026473818346858025
200,capacity,learned,64,0.895,1.0,1.0,1.13,0.4074080318212509,-0.09122183322906491,1.2210266080113426,1.9876140987873077,2.3950221306085586,0.43259974420070646,0.718,0.059939511120319366
200,capacity,random,128,0.8583333333333334,0.995,0.9983333333333334,0.0,0.39570637583732604,-0.10400460958480835,0.0,0.0,0.0,0.4199621796607971,0.7731666666666667,0.0026028248636672893
200,capacity,svd,128,0.935,1.0,1.0,1.075,0.9520096874237061,-0.03843946456909177,1.2334521198794783,4.447834346294403,5.399844033718109,0.9678508305549621,0.8145000000000002,0.006314253434538841
200,capacity,learned,128,0.905,1.0,1.0,1.13,0.8671735143661499,-0.08603035211563109,1.2344926874297366,4.029910463094711,4.897083977460861,0.8987496066093444,0.7434999999999999,0.05911752209067345
200,capacity,random,256,0.9233333333333333,1.0,1.0,0.0,0.8877435064315796,-0.09078632990519203,0.0,0.0,0.0,0.9163780164718628,0.828,0.0018612884062652786
200,capacity,svd,256,0.93,1.0,1.0,1.08,0.9990066194534302,-0.08318984508514403,1.141343912358338,7.438611881732941,8.437618501186371,1.0192976188659668,0.8095000000000002,0.016390377655625343
200,capacity,learned,256,0.91,1.0,1.0,1.11,1.7933554911613465,-0.16946716308593748,1.2340343491080064,8.129042484760284,9.922397975921632,1.8428144812583924,0.78,0.05887994170188904
200,generalization,identity,384,0.95,1.0,1.0,1.05,1.5440561580657959,0.03480687141418458,1.163272995422556,10.046514015197754,11.59057017326355,1.558824396133423,1.0,0.0
200,generalization,random,32,0.62,0.9366666666666665,0.9766666666666666,0.0,0.044349437355995176,-0.12218732138474782,0.0,0.0,0.0,0.08233664770921072,0.616,0.003707025432959199
200,generalization,svd,32,0.82,0.99,1.0,1.38,0.15887855529785155,-0.10653190016746521,1.1166696181914455,1.5503359365463256,1.7092144918441772,0.18465199708938598,0.6989999999999997,0.03868284076452255
200,generalization,learned,32,0.87,1.0,1.0,1.15,0.21933125436306,-0.026260060071945184,1.3105993711096253,0.8767482596635818,1.096079514026642,0.232015922665596,0.6639999999999999,0.0462966151535511
200,generalization,random,64,0.8333333333333334,0.9966666666666667,1.0,0.0,0.18352490027745563,-0.0812177836894989,0.0,0.0,0.0,0.20790582577387492,0.6866666666666666,0.00275963032618165
200,generalization,svd,64,0.9,1.0,1.0,1.11,0.4376647400856018,-0.08746267557144165,1.1744322152827111,2.599006588459015,3.0366713285446165,0.4560059356689453,0.767,0.020822444930672646
200,generalization,learned,64,0.87,1.0,1.0,1.26,0.4211194825172424,-0.16838057041168214,1.2338300870153558,1.9369798839092254,2.358099366426468,0.4542940354347229,0.705,0.04622814059257507
200,generalization,random,128,0.8933333333333334,0.9966666666666667,1.0,0.0,0.4273187486330668,-0.09333275159200032,0.0,0.0,0.0,0.4476936666170756,0.7516666666666666,0.0022860340929279723
200,generalization,svd,128,0.93,1.0,1.0,1.07,0.7645012474060059,-0.038596916198730465,1.1810975952030096,4.4845378828048705,5.2490391302108765,0.7794158458709717,0.8250000000000002,0.006111373193562031
200,generalization,learned,128,0.9,1.0,1.0,1.12,0.9191405868530274,-0.1281358242034912,1.254286132844995,3.8953403067588805,4.814480893611908,0.9505771732330323,0.73,0.044096723198890686
200,generalization,random,256,0.94,1.0,1.0,0.0,0.9509003194173177,-0.020817486445109043,0.0,0.0,0.0,0.9738475974400838,0.8023333333333335,0.0017636260017752647
200,generalization,svd,256,0.92,1.0,1.0,1.08,1.0857311391830444,-0.047311329841613764,1.1525880330437346,7.401771821975708,8.487502961158752,1.0989128065109253,0.773,0.007078377529978752
200,generalization,learned,256,0.92,1.0,1.0,1.14,2.0045466947555544,-0.18029279708862303,1.2737566201896202,7.906456670761108,9.911003365516663,2.050614037513733,0.7419999999999999,0.044858310371637344
400,capacity,identity,384,0.925,1.0,1.0,1.0925,1.3083906269073486,-0.13271808624267575,1.1385709448992367,10.17605831861496,11.484448945522308,1.3458397722244262,1.0,0.0
400,capacity,random,32,0.5225,0.8183333333333334,0.9033333333333333,0.0,0.01106575553615888,-0.15392860372861225,0.0,0.0,0.0,0.06432188779115677,0.6098333333333333,0.004064793310438593
400,capacity,svd,32,0.775,0.985,0.995,1.455,0.14121199369430543,-0.09332020878791808,1.0906109014082532,1.6869518184661865,1.828163812160492,0.16468745350837707,0.7525,0.05245593190193176
400,capacity,learned,32,0.77,0.995,1.0,1.41,0.10845584109425545,-0.1798798620700836,1.1117092231648689,1.0720029751956464,1.1804588162899017,0.15548095867037773,0.6980000000000001,0.06435583531856537
400,capacity,random,64,0.7258333333333332,0.9533333333333333,0.9833333333333334,0.0,0.1275740117828051,-0.1395675202210744,0.0,0.0,0.0,0.16688374549150467,0.7105833333333332,0.0034197610802948475
400,capacity,svd,64,0.8875,1.0,1.0,1.1575,0.47986239671707154,-0.09988185167312622,1.18712046651484,2.7425180172920225,3.2223804140090944,0.5023834788799286,0.8530000000000001,0.029235003516077995
400,capacity,learned,64,0.8675,1.0,1.0,1.18,0.32446794092655185,-0.10060935020446775,1.1554321049834857,2.240293883383274,2.564761824309826,0.3542094522714615,0.752,0.06255665421485901
400,capacity,random,128,0.8208333333333333,0.9891666666666667,0.9975,0.0,0.34476493239402767,-0.1559602340062459,0.0,0.0,0.0,0.3829081430037817,0.7964166666666667,0.0027125519700348377
400,capacity,svd,128,0.945,1.0,1.0,1.08,0.7836124300956726,-0.04542582035064695,1.1828952212627502,4.609598727226257,5.39321115732193,0.7983274936676026,0.8507500000000001,0.007432770915329456
400,capacity,learned,128,0.925,0.9975,1.0,1.125,0.7517619603872299,-0.1032877445220947,1.1803214253309273,4.374539682865143,5.126301643252373,0.7834625190496445,0.7722500000000001,0.062066540122032166
400,capacity,random,256,0.8958333333333334,0.9975,1.0,0.0,0.7801495802402497,-0.16878250439961748,0.0,0.0,0.0,0.8234831289450327,0.8396666666666667,0.0018237097344050805
400,capacity,svd,256,0.9425,1.0,1.0,1.0775,0.862872052192688,-0.01155521869659423,1.1185221862174117,7.543411008119583,8.406283060312271,0.8820095467567444,0.82725,0.014184768311679363
400,capacity,learned,256,0.9075,0.9975,1.0,1.14,1.5715149521827698,-0.24004831314086908,1.185518863555368,8.772148568630218,10.343663520812989,1.6408851194381713,0.7977500000000001,0.0614892803132534
400,generalization,identity,384,0.9,1.0,1.0,1.125,1.3753204870223998,-0.18313770294189452,1.1432100834659733,10.351318974494934,11.726639461517333,1.4324249839782714,1.0,0.0
400,generalization,random,32,0.6000000000000001,0.8816666666666667,0.9316666666666666,0.0,0.02898452490568161,-0.1351250857114792,0.0,0.0,0.0,0.0726583006978035,0.6071666666666667,0.003933255172645052
400,generalization,svd,32,0.76,0.985,1.0,1.425,0.13175398498773574,-0.11864521503448486,1.094796304547307,1.603025071322918,1.7347790563106538,0.16679835826158523,0.6559999999999999,0.04158796742558479
400,generalization,learned,32,0.755,0.995,1.0,1.465,0.1426459500193596,-0.1635474920272827,1.185622006151412,0.9806140011548996,1.1232599511742591,0.18671712428331375,0.6409999999999999,0.0477457158267498
400,generalization,random,64,0.735,0.9716666666666667,0.9966666666666667,0.0,0.1447569485505422,-0.118576576312383,0.0,0.0,0.0,0.18529516836007434,0.7003333333333334,0.003624960702533523
400,generalization,svd,64,0.88,1.0,1.0,1.165,0.47949972331523893,-0.10169476270675659,1.197897148006637,2.6356531697511674,3.1151528930664063,0.499244869351387,0.7120000000000001,0.023994384333491325
400,generalization,learned,64,0.845,1.0,1.0,1.21,0.3275527113676071,-0.13252336978912352,1.1781788924367227,2.0157897347211837,2.343342446088791,0.36229593336582183,0.689,0.046047382056713104
400,generalization,random,128,0.7983333333333333,0.9933333333333333,0.9983333333333334,0.0,0.3802800766626994,-0.1858966787656148,0.0,0.0,0.0,0.43050329287846884,0.7688333333333333,0.002771513614182671
400,generalization,svd,128,0.905,1.0,1.0,1.12,0.8632731413841248,-0.13335580825805662,1.2069536995163752,4.519642450809479,5.382915592193603,0.8903113079071044,0.8,0.007910020649433136
400,generalization,learned,128,0.895,1.0,1.0,1.14,0.7589473021030426,-0.09781913757324218,1.202946772277744,4.080169432163238,4.839116734266281,0.8110095989704132,0.7115,0.04756417125463486
400,generalization,random,256,0.8716666666666666,1.0,1.0,0.0,0.8627116433779398,-0.19705344041188555,0.0,0.0,0.0,0.9196641246477762,0.8210000000000001,0.0017440372224276264
400,generalization,svd,256,0.9,1.0,1.0,1.115,1.0148618578910829,-0.21449728012084956,1.139751712872628,7.642910513877869,8.657772371768951,1.0614008808135986,0.727,0.00794741977006197
400,generalization,learned,256,0.875,1.0,1.0,1.145,1.559600031375885,-0.289199686050415,1.1999871038382106,8.302692432403564,9.862292463779449,1.647193877696991,0.722,0.04644550010561943
800,capacity,identity,384,0.93,1.0,1.0,1.085,1.2814067089557648,-0.09529361724853516,1.1381733698472387,10.07335242152214,11.354759130477905,1.3080180072784424,1.0,0.0
800,capacity,random,32,0.5,0.7925,0.8737499999999999,0.0,0.008440329506993293,-0.15067272086938222,0.0,0.0,0.0,0.05994034886360169,0.5597500000000001,0.004038253411029776
800,capacity,svd,32,0.63375,0.92875,0.975,2.30375,0.07390138149261474,-0.1409326136112213,1.052611056496884,1.6804509039223194,1.7543522854149343,0.11799485176801681,0.661125,0.0528825968503952
800,capacity,learned,32,0.7275,0.97,0.9925,1.63,0.11222636319696903,-0.22348784804344177,1.1325758192492037,1.0729345222562552,1.1851608854532243,0.16798410646617412,0.609875,0.06432200223207474
800,capacity,random,64,0.7308333333333333,0.9529166666666667,0.9795833333333334,0.0,0.12981836850444475,-0.12459788521130878,0.0,0.0,0.0,0.16596209332346915,0.6675833333333333,0.003245200185726086
800,capacity,svd,64,0.89375,1.0,1.0,1.12375,0.4138506868481636,-0.06894906759262084,1.1591659948178545,2.727326762378216,3.1411774492263795,0.4318999493122101,0.7917500000000001,0.030872613191604614
800,capacity,learned,64,0.8725,0.99875,1.0,1.17875,0.3386234463751316,-0.11191165447235106,1.1679882835310023,2.210473358184099,2.549096804559231,0.37230642572045325,0.674625,0.06241811439394951
800,capacity,random,128,0.8375,0.9899999999999999,0.9970833333333333,0.0,0.34450078139702484,-0.1369480570157369,0.0,0.0,0.0,0.3766392675042152,0.749625,0.0027029193782558045
800,capacity,svd,128,0.9325,1.0,1.0,1.08125,0.715086721777916,-0.022096204757690426,1.1681908723382444,4.5979087418317794,5.312995463609695,0.7252142179012299,0.8301250000000002,0.008805315010249615
800,capacity,learned,128,0.88,0.99875,1.0,1.1825,0.7062076511979103,-0.1854987859725952,1.1751083512163223,4.454958873391152,5.161166524589062,0.7596488472819328,0.70025,0.06167715787887573
800,capacity,random,256,0.9112499999999999,0.9987499999999999,1.0,0.0,0.7814712923765182,-0.11652305126190184,0.0,0.0,0.0,0.8149032479524613,0.8069166666666666,0.001881007260332505
800,capacity,svd,256,0.9175,1.0,1.0,1.09625,0.7550604349374771,-0.0650949478149414,1.105196793502618,7.561759029030799,8.316819463968278,0.7745936638116837,0.8065000000000001,0.012715274468064308
800,capacity,learned,256,0.87875,0.99875,1.0,1.16875,1.5878846901655197,-0.2564289093017578,1.1968947747356977,8.852449316978454,10.440334007143974,1.6593320447206497,0.7134999999999999,0.06112343445420265
800,generalization,identity,384,0.935,1.0,1.0,1.0775,1.4148077964782715,-0.05329523086547846,1.1545250092123813,9.97064653158188,11.38545432806015,1.4305812573432923,1.0,0.0
800,generalization,random,32,0.5766666666666667,0.8675,0.9333333333333332,0.0,0.03110165352622668,-0.1274329384167989,0.0,0.0,0.0,0.07142086878418923,0.6011666666666667,0.004029557108879089
800,generalization,svd,32,0.7525,0.9675,0.9925,1.64,0.10568652987480164,-0.09206478595733641,1.0737613695399952,1.635308302640915,1.7409948325157165,0.12881905138492583,0.5865,0.03917529433965683
800,generalization,learned,32,0.6675,0.97,0.9975,1.6675,0.08007928118109703,-0.13514378666877747,1.0861841620199997,1.0752016687393189,1.155280949920416,0.13168940782546998,0.594,0.048210643231868744
800,generalization,random,64,0.765,0.9733333333333333,0.9883333333333333,0.0,0.15957101821899414,-0.1076753795146942,0.0,0.0,0.0,0.18904205073912939,0.69525,0.0030568345294644437
800,generalization,svd,64,0.875,0.9975,1.0,1.175,0.4189666908979416,-0.09244461059570312,1.168656068546081,2.6597500932216644,3.078716784119606,0.44097052156925204,0.6435,0.02353443019092083
800,generalization,learned,64,0.865,0.995,1.0,1.1875,0.32701950818300246,-0.10697526931762694,1.1575252762060777,2.23240196287632,2.559421471059322,0.35333219677209854,0.62925,0.04507908597588539
800,generalization,random,128,0.8566666666666666,0.9941666666666666,0.9991666666666666,0.0,0.4049213333924611,-0.1173474907875061,0.0,0.0,0.0,0.43065597057342525,0.7685833333333333,0.0026448803643385568
800,generalization,svd,128,0.9475,1.0,1.0,1.065,0.8229682236909867,-0.02048175334930415,1.200113820588205,4.485462080836296,5.308430304527283,0.832877841591835,0.811,0.00845204945653677
800,generalization,learned,128,0.8625,1.0,1.0,1.2,0.6928070509433746,-0.1679288387298584,1.1719733394945078,4.2902736556529995,4.9830807065963745,0.7321478295326233,0.6515000000000001,0.045859768986701965
800,generalization,random,256,0.9266666666666667,1.0,1.0,0.0,0.9064388910929361,-0.06760785579681394,0.0,0.0,0.0,0.9299692595005036,0.8185833333333333,0.0019239739049226046
800,generalization,svd,256,0.9625,1.0,1.0,1.045,1.0983996033668517,0.059365701675415064,1.157947815196904,7.342374912500381,8.440774515867233,1.1067183828353881,0.7432499999999999,0.00780403520911932
800,generalization,learned,256,0.935,1.0,1.0,1.09,1.4239713549613953,-0.10998706817626952,1.1712368735175014,8.745083298683166,10.169054653644562,1.4765954995155335,0.685,0.04622943326830864
1600,capacity,identity,384,0.92625,0.999375,1.0,1.101875,1.2228058695793151,-0.08419499397277831,1.131498079503429,10.11337108016014,11.336176949739457,1.2472428876161574,1.0,0.0
1600,capacity,random,32,0.45249999999999996,0.7366666666666667,0.8304166666666667,0.0,-0.006125612631440162,-0.16467538873354595,0.0,0.0,0.0,0.05376505409677823,0.5234375,0.004102527241533001
1600,capacity,svd,32,0.67,0.91125,0.97,2.27125,0.07945661641657352,-0.1436984896659851,1.0622580326509543,1.6217229595780374,1.701179575994611,0.12136694438755512,0.608625,0.05323781445622444
1600,capacity,learned,32,0.616875,0.909375,0.966875,2.5475,0.05900993790477514,-0.30920593738555907,1.0740899756760918,1.1244248636066914,1.1834348015114664,0.14018338847905398,0.5357500000000001,0.06510363519191742
1600,capacity,random,64,0.6916666666666665,0.9235416666666666,0.9679166666666666,0.0,0.10660209007561205,-0.15736082394917808,0.0,0.0,0.0,0.15100323759019374,0.6454791666666667,0.0034652556447933116
1600,capacity,svd,64,0.8425,0.999375,1.0,1.2025,0.3947253341972828,-0.09814426898956298,1.1599278298429423,2.684267348945141,3.0789926831424235,0.4205419772863388,0.7451875000000001,0.03172822669148445
1600,capacity,learned,64,0.84125,0.985,0.996875,1.344375,0.30801195427775385,-0.1922576069831848,1.1556231239588426,2.2135147009044887,2.5215266551822424,0.34956469923257827,0.620875,0.06155925244092941
1600,capacity,random,128,0.8077083333333333,0.9791666666666666,0.9941666666666666,0.0,0.3151671429971854,-0.18697888851165775,0.0,0.0,0.0,0.35702147940794626,0.7407499999999999,0.002796812215819955
1600,capacity,svd,128,0.90375,1.0,1.0,1.1325,0.7368001061677932,-0.1113577127456665,1.1797482153274788,4.506945877671241,5.243745983839035,0.757563710808754,0.8249375000000001,0.009949208237230778
1600,capacity,learned,128,0.834375,0.985625,0.996875,1.376875,0.6485756801068783,-0.3515047073364258,1.1633481369771292,4.486433274298906,5.135008954405785,0.7308615732192993,0.66025,0.06178727746009827
1600,capacity,random,256,0.8949999999999999,0.9958333333333332,0.9987499999999999,0.0,0.7435443381468456,-0.15710570017496742,0.0,0.0,0.0,0.7811402118206024,0.8034583333333334,0.0019373272468025486
1600,capacity,svd,256,0.913125,0.9975,1.0,1.120625,0.775186408162117,-0.08410339355468749,1.109344281313436,7.546547702252865,8.321734110414981,0.795376915037632,0.7849375000000001,0.011741726659238338
1600,capacity,learned,256,0.8725,0.99125,0.998125,1.241875,1.4449361869692803,-0.4011590480804443,1.1751154736256362,8.98144562959671,10.426381816565991,1.5501222267746926,0.6718124999999999,0.06112780421972275
1600,generalization,identity,384,0.93375,1.0,1.0,1.08375,1.2773905158042909,-0.06271605491638182,1.1363667829309094,10.153389729261399,11.430780245065689,1.297699782848358,1.0,0.0
1600,generalization,random,32,0.5154166666666667,0.7929166666666667,0.8791666666666668,0.0,0.009090644493699073,-0.15597588817278543,0.0,0.0,0.0,0.062350222989916805,0.5574583333333334,0.0041220310765008135
1600,generalization,svd,32,0.63375,0.945,0.9825,2.03375,0.06188083216547966,-0.12592373490333555,1.0440410749169577,1.6629350972175598,1.7248159293830394,0.10433096513152122,0.6459999999999999,0.046997036784887314
1600,generalization,learned,32,0.635,0.91625,0.96625,2.34,0.08331449866294861,-0.32684962153434755,1.1124371370673782,1.1145768329501151,1.1978913316130637,0.16462202467024326,0.585375,0.058969054371118546
1600,generalization,random,64,0.7183333333333333,0.9474999999999999,0.9804166666666666,0.0,0.12668794656793278,-0.14314799904823303,0.0,0.0,0.0,0.1684058479468028,0.6741250000000001,0.003643442876636982
1600,generalization,svd,64,0.91625,0.99875,1.0,1.1125,0.3599458512663841,-0.07386144399642944,1.1373637998994266,2.7176056244969367,3.077551475763321,0.3798843452334404,0.7588750000000001,0.029232744127511978
1600,generalization,learned,64,0.84,0.98625,0.9975,1.335,0.32511990919709205,-0.20318990945816037,1.1679816971626344,2.233988943397999,2.5591088525950907,0.36863371878862383,0.6629999999999999,0.05572444945573807
1600,generalization,random,128,0.8225000000000001,0.9866666666666667,0.9975,0.0,0.3470362875858943,-0.18634891510009766,0.0,0.0,0.0,0.3884777008493741,0.7625000000000001,0.0028649051673710346
1600,generalization,svd,128,0.94125,1.0,1.0,1.06875,0.6636923280358314,-0.0036858081817626926,1.1537697493966235,4.608236127197743,5.271928455233574,0.6720694169402123,0.8315,0.01048276387155056
1600,generalization,learned,128,0.86,0.98875,0.99625,1.29125,0.670660656094551,-0.29930448532104487,1.1681722147655922,4.541038306951523,5.211698963046074,0.744316543340683,0.6832499999999999,0.055013760924339294
1600,generalization,random,256,0.9020833333333332,0.9975,0.9991666666666666,0.0,0.7945958056052526,-0.14831025600433348,0.0,0.0,0.0,0.8306034117937088,0.8141666666666666,0.0019857775575170913
1600,generalization,svd,256,0.93875,1.0,1.0,1.07875,0.8001673591136932,-0.031224012374877923,1.1105618076102923,7.633887290358543,8.434054649472237,0.8133377873897553,0.7967500000000001,0.008758540265262127
1600,generalization,learned,256,0.8725,0.99625,0.99875,1.22375,1.4951667165756226,-0.3654624462127685,1.1835929661253437,9.070291422605514,10.565458139181137,1.601389273405075,0.712375,0.05467129871249199
3200,capacity,identity,384,0.925625,0.9975,0.9996875,1.105625,1.1643599170446395,-0.06943697929382323,1.1264666917318573,9.933879151046277,11.098239068090916,1.1865514481067658,1.0,0.0
3200,capacity,random,32,0.42812500000000003,0.6998958333333333,0.8009375,0.0,-0.012488063542793193,-0.17396136422952016,0.0,0.0,0.0,0.05068844163790345,0.49410416666666673,0.004176809995745619
3200,capacity,svd,32,0.629375,0.8728125,0.93125,3.403125,0.06636100895702839,-0.182271546125412,1.0557415798143004,1.591460589207709,1.6578215981647373,0.11805564388632775,0.53659375,0.054774943739175797
3200,capacity,learned,32,0.5790625,0.8571875,0.92125,4.4521875,0.032006720453500746,-0.40486097633838647,1.0586840190448945,1.0815862227044999,1.1135929431580007,0.1325346171297133,0.46671875,0.06792186200618744
3200,capacity,random,64,0.6727083333333334,0.916875,0.9641666666666667,0.0,0.09398996341973542,-0.15880895058314007,0.0,0.0,0.0,0.1398059538876017,0.6266979166666666,0.003485518740490079
3200,capacity,svd,64,0.8771875,0.998125,1.0,1.1753125,0.382396121583879,-0.07966046333312987,1.1595792938916192,2.61580035161227,2.998196473196149,0.4010224173590541,0.6836874999999999,0.03316573426127434
3200,capacity,learned,64,0.8165625,0.968125,0.9884375,1.6259375,0.28958439227193594,-0.24758147001266478,1.1523242441426322,2.144335365742445,2.433919758014381,0.3410882569849491,0.5521250000000001,0.06590626388788223
3200,capacity,random,128,0.7921874999999999,0.9727083333333333,0.991875,0.0,0.29467270908256377,-0.18839887777964273,0.0,0.0,0.0,0.3391978944092989,0.7244895833333334,0.0027184483284751573
3200,capacity,svd,128,0.9271875,1.0,1.0,1.0840625,0.7089149803668261,-0.04512710571289062,1.1702166029352894,4.473770068362355,5.182685048729181,0.7225790742784739,0.78246875,0.011078264564275742
3200,capacity,learned,128,0.7959375,0.9753125,0.993125,1.513125,0.5824080661684274,-0.3899673461914061,1.1488267889148718,4.4236863739043475,5.006094440072775,0.6782316044718028,0.599,0.06430128216743469
3200,capacity,random,256,0.8885416666666667,0.99375,0.9983333333333334,0.0,0.7043102885286013,-0.14900856812795002,0.0,0.0,0.0,0.7410652010142803,0.7949270833333335,0.0018623939249664545
3200,capacity,svd,256,0.9453125,0.9996875,1.0,1.0728125,0.7711348015069962,-0.009452509880065862,1.108610581259714,7.471489220112562,8.242624021619559,0.7834774588048458,0.7075625000000001,0.01103846076875925
3200,capacity,learned,256,0.856875,0.98375,0.995,1.3415625,1.3684969386458397,-0.5415633201599118,1.1704357829738616,8.700546130985021,10.069043069630862,1.5013824164867402,0.6155625,0.0637771487236023
3200,generalization,identity,384,0.930625,0.9975,1.0,1.093125,1.2950853690505029,-0.03950185775756836,1.1422489448607756,9.754387213885785,11.049472582936287,1.3128284713625908,1.0,0.0
3200,generalization,random,32,0.47812499999999997,0.7439583333333334,0.8424999999999999,0.0,0.0033049154902497924,-0.16053502162297564,0.0,0.0,0.0,0.06080778344223897,0.5261250000000001,0.004153153082976739
3200,generalization,svd,32,0.6125,0.893125,0.95375,2.751875,0.06121816106140614,-0.1559997856616974,1.052159666373123,1.5454232715070249,1.6066414325684308,0.11146875619888305,0.5882499999999999,0.04778360575437546
3200,generalization,learned,32,0.653125,0.921875,0.969375,2.34875,0.07202828828245401,-0.2698740571737289,1.0880652807070426,1.058527052924037,1.130555341206491,0.1382834903150797,0.555625,0.05823376402258873
3200,generalization,random,64,0.6947916666666667,0.938125,0.9777083333333333,0.0,0.12070712159077325,-0.13891951044400533,0.0,0.0,0.0,0.1621035741021236,0.6519791666666667,0.00347224708336095
3200,generalization,svd,64,0.840625,0.998125,1.0,1.209375,0.3777362888306379,-0.10764704942703247,1.1570795771442481,2.583470409139991,2.9612066979706286,0.40383881218731404,0.7170625000000002,0.030573226511478424
3200,generalization,learned,64,0.87,0.983125,0.99625,1.3175,0.33454582177102565,-0.159260094165802,1.1780761235735733,2.092137696146965,2.426683517917991,0.36734483279287816,0.634,0.05640196427702904
3200,generalization,random,128,0.8041666666666667,0.9787499999999999,0.99375,0.0,0.34232644135753315,-0.16654018958409625,0.0,0.0,0.0,0.38283152391513187,0.7389374999999999,0.002617425130059322
3200,generalization,svd,128,0.881875,1.0,1.0,1.159375,0.7744700229167938,-0.11650307178497314,1.193329652917689,4.363602240383625,5.138072263300419,0.7975619846582412,0.8231875000000002,0.012382172979414463
3200,generalization,learned,128,0.83125,0.985,0.9975,1.355,0.695029334872961,-0.3052292108535766,1.1821399100128152,4.2407679940760135,4.935797328948975,0.7644359271228314,0.6672499999999999,0.05504980310797691
3200,generalization,random,256,0.8937499999999999,0.995625,0.9991666666666666,0.0,0.7960988212625185,-0.12862601280212402,0.0,0.0,0.0,0.8285096281766892,0.8046041666666667,0.0017790765268728137
3200,generalization,svd,256,0.896875,0.9975,1.0,1.144375,0.8615940445661545,-0.0807039499282837,1.1248481706922016,7.314462258517742,8.176056303083897,0.8834083953499794,0.7861250000000001,0.0073557449504733086
3200,generalization,learned,256,0.8825,0.99625,0.999375,1.193125,1.529865706562996,-0.2923097610473633,1.1920864235653195,8.548710119724273,10.07857582628727,1.6086772060394288,0.6885625000000001,0.05475044250488281
