N,query_idx,correct_label,template_type,alias_m,oracle_at_10,oracle_at_20,baseline_correct,token_max_correct,token_mean_correct,ce_max_correct,ce_mean_correct
100,0,0,0,1,1,1,1,1,1,1,1
100,1,1,1,1,1,1,1,1,1,1,1
100,2,2,2,1,1,1,1,1,1,1,1
100,3,3,0,1,1,1,1,1,1,1,1
100,4,4,1,1,1,1,1,1,1,1,1
100,5,5,2,1,1,1,1,1,1,1,1
100,6,6,0,1,1,1,1,1,1,1,1
100,7,7,1,1,1,1,1,1,1,1,1
100,8,8,2,1,1,1,1,1,1,1,1
100,9,9,0,1,1,1,1,1,1,1,1
100,10,10,1,1,1,1,1,1,1,1,1
100,11,11,2,1,1,1,1,1,1,1,1
100,12,12,0,1,1,1,1,1,1,1,1
100,13,13,1,1,1,1,1,1,1,1,1
100,14,14,2,1,1,1,1,1,1,1,1
100,15,15,0,1,1,1,1,1,1,1,1
100,16,16,1,1,1,1,1,1,1,1,1
100,17,17,2,1,1,1,1,1,1,1,1
100,18,18,0,1,1,1,1,1,1,1,1
100,19,19,1,1,1,1,1,1,1,1,1
100,20,20,2,1,1,1,1,1,1,1,1
100,21,21,0,1,1,1,1,1,1,1,1
100,22,22,1,1,1,1,1,1,1,1,1
100,23,23,2,1,1,1,1,1,1,1,1
100,24,24,0,1,1,1,1,1,1,1,1
100,25,25,1,1,1,1,1,1,1,1,1
100,26,26,2,1,1,1,1,1,1,1,1
100,27,27,0,1,1,1,1,1,1,1,1
100,28,28,1,1,1,1,1,1,1,1,1
100,29,29,2,1,1,1,1,1,1,1,1
100,30,30,0,1,1,1,1,1,1,1,1
100,31,31,1,1,1,1,1,1,1,1,1
100,32,32,2,1,1,1,1,1,1,1,1
100,33,33,0,1,1,1,1,1,1,1,1
100,34,34,1,1,1,1,1,1,1,1,1
100,35,35,2,1,1,1,1,1,1,1,1
100,36,36,0,1,1,1,1,1,1,1,1
100,37,37,1,1,1,1,1,1,1,1,1
100,38,38,2,1,1,1,1,1,1,1,1
100,39,39,0,1,1,1,1,1,1,1,1
100,40,40,1,1,1,1,1,1,1,1,1
100,41,41,2,1,1,1,1,1,1,1,1
100,42,42,0,1,1,1,1,1,1,1,1
100,43,43,1,1,1,1,1,1,1,1,1
100,44,44,2,1,1,1,1,1,1,1,1
100,45,45,0,1,1,1,1,1,1,1,1
100,46,46,1,1,1,1,1,1,1,1,1
100,47,47,2,1,1,1,1,1,1,1,1
100,48,48,0,1,1,1,1,1,1,1,1
100,49,49,1,1,1,1,1,1,1,1,1
100,50,50,2,1,1,1,1,1,1,1,1
100,51,51,0,1,1,1,1,1,1,1,1
100,52,52,1,1,1,1,1,1,1,1,1
100,53,53,2,1,1,1,1,1,1,1,1
100,54,54,0,1,1,1,1,1,1,1,1
100,55,55,1,1,1,1,1,1,1,1,1
100,56,56,2,1,1,1,1,1,1,1,1
100,57,57,0,1,1,1,1,1,1,1,1
100,58,58,1,1,1,1,1,1,1,1,1
100,59,59,2,1,1,1,1,1,1,1,1
100,60,60,0,1,1,1,1,1,1,1,1
100,61,61,1,1,1,1,1,1,1,1,1
100,62,62,2,1,1,1,1,1,1,1,1
100,63,63,0,1,1,1,1,1,1,1,1
100,64,64,1,1,1,1,1,1,1,1,1
100,65,65,2,1,1,1,1,1,1,1,1
100,66,66,0,1,1,1,1,1,1,1,1
100,67,67,1,1,1,1,1,1,1,1,1
100,68,68,2,1,1,1,1,1,1,1,1
100,69,69,0,1,1,1,1,1,1,1,1
100,70,70,1,1,1,1,1,1,1,1,1
100,71,71,2,1,1,1,1,1,1,1,1
100,72,72,0,1,1,1,1,1,1,1,1
100,73,73,1,1,1,1,1,1,1,1,1
100,74,74,2,1,1,1,1,1,1,1,1
100,75,75,0,1,1,1,1,1,1,1,1
100,76,76,1,1,1,1,1,1,1,1,1
100,77,77,2,1,1,1,1,1,1,1,1
100,78,78,0,1,1,1,1,1,1,1,1
100,79,79,1,1,1,1,1,1,1,1,1
100,80,80,2,1,1,1,1,1,1,1,1
100,81,81,0,1,1,1,1,1,1,1,1
100,82,82,1,1,1,1,1,1,1,1,1
100,83,83,2,1,1,1,1,1,1,1,1
100,84,84,0,1,1,1,1,1,1,1,1
100,85,85,1,1,1,1,1,1,1,1,1
100,86,86,2,1,1,1,1,1,1,1,1
100,87,87,0,1,1,1,1,1,1,1,1
100,88,88,1,1,1,1,1,1,1,1,1
100,89,89,2,1,1,1,1,1,1,1,1
100,90,90,0,1,1,1,1,1,1,1,1
100,91,91,1,1,1,1,1,1,1,1,1
100,92,92,2,1,1,1,1,1,1,1,1
100,93,93,0,1,1,1,1,1,1,1,1
100,94,94,1,1,1,1,1,1,1,1,1
100,95,95,2,1,1,1,1,1,1,1,1
100,96,96,0,1,1,1,1,1,1,1,1
100,97,97,1,1,1,1,1,1,1,1,1
100,98,98,2,1,1,1,1,1,1,1,1
100,99,99,0,1,1,1,1,1,1,1,1
200,0,0,0,2,1,1,0,0,0,0,0
200,1,1,1,1,1,1,1,1,1,1,1
200,2,2,2,1,1,1,1,1,1,1,1
200,3,3,0,2,1,1,1,1,1,0,0
200,4,4,1,1,1,1,1,1,1,1,1
200,5,5,2,1,1,1,1,1,1,1,1
200,6,6,0,2,1,1,1,1,1,0,0
200,7,7,1,1,1,1,1,1,1,1,1
200,8,8,2,1,1,1,1,1,1,1,1
200,9,9,0,2,1,1,0,0,0,1,1
200,10,10,1,1,1,1,1,1,1,1,1
200,11,11,2,1,1,1,1,1,1,1,1
200,12,12,0,2,1,1,0,0,0,1,1
200,13,13,1,1,1,1,1,1,1,1,1
200,14,14,2,1,1,1,1,1,1,1,1
200,15,15,0,2,1,1,0,0,0,1,1
200,16,16,1,1,1,1,1,1,1,1,1
200,17,17,2,1,1,1,1,1,1,1,1
200,18,18,0,2,1,1,0,0,0,0,0
200,19,19,1,1,1,1,1,1,1,1,1
200,20,20,2,1,1,1,1,1,1,1,1
200,21,21,0,2,1,1,1,1,1,0,0
200,22,22,1,1,1,1,1,1,1,1,1
200,23,23,2,1,1,1,1,1,1,1,1
200,24,24,0,2,1,1,1,1,1,1,1
200,25,25,1,1,1,1,1,1,1,1,1
200,26,26,2,1,1,1,1,1,1,1,1
200,27,27,0,2,1,1,0,0,0,0,0
200,28,28,1,1,1,1,1,1,1,1,1
200,29,29,2,1,1,1,1,1,1,1,1
200,30,30,0,2,1,1,1,1,1,1,1
200,31,31,1,1,1,1,1,1,1,1,1
200,32,32,2,1,1,1,1,1,1,1,1
200,33,33,0,2,1,1,1,1,1,1,1
200,34,34,1,1,1,1,1,1,1,1,1
200,35,35,2,1,1,1,1,1,1,1,1
200,36,36,0,2,1,1,1,1,1,0,0
200,37,37,1,1,1,1,1,1,1,1,1
200,38,38,2,1,1,1,1,1,1,1,1
200,39,39,0,2,1,1,1,1,1,1,1
200,40,40,1,1,1,1,1,1,1,1,1
200,41,41,2,1,1,1,1,1,1,1,1
200,42,42,0,2,1,1,1,1,1,1,1
200,43,43,1,1,1,1,1,1,1,1,1
200,44,44,2,1,1,1,1,1,1,1,1
200,45,45,0,2,1,1,1,1,1,0,0
200,46,46,1,1,1,1,1,1,1,1,1
200,47,47,2,1,1,1,1,1,1,1,1
200,48,48,0,2,1,1,1,1,1,1,1
200,49,49,1,1,1,1,1,1,1,1,1
200,50,50,2,1,1,1,1,1,1,1,1
200,51,51,0,1,1,1,1,1,1,1,1
200,52,52,1,1,1,1,1,1,1,1,1
200,53,53,2,1,1,1,1,1,1,1,1
200,54,54,0,1,1,1,1,1,1,1,1
200,55,55,1,1,1,1,1,1,1,1,1
200,56,56,2,1,1,1,1,1,1,1,1
200,57,57,0,1,1,1,1,1,1,1,1
200,58,58,1,1,1,1,1,1,1,1,1
200,59,59,2,1,1,1,1,1,1,1,1
200,60,60,0,1,1,1,1,1,1,1,1
200,61,61,1,1,1,1,1,1,1,1,1
200,62,62,2,1,1,1,1,1,1,1,1
200,63,63,0,1,1,1,1,1,1,1,1
200,64,64,1,1,1,1,1,1,1,1,1
200,65,65,2,1,1,1,1,1,1,1,1
200,66,66,0,1,1,1,1,1,1,1,1
200,67,67,1,1,1,1,1,1,1,1,1
200,68,68,2,1,1,1,1,1,1,1,1
200,69,69,0,1,1,1,1,1,1,1,1
200,70,70,1,1,1,1,1,1,1,1,1
200,71,71,2,1,1,1,1,1,1,1,1
200,72,72,0,1,1,1,1,1,1,1,1
200,73,73,1,1,1,1,1,1,1,1,1
200,74,74,2,1,1,1,1,1,1,1,1
200,75,75,0,1,1,1,1,1,1,1,1
200,76,76,1,1,1,1,1,1,1,1,1
200,77,77,2,1,1,1,1,1,1,1,1
200,78,78,0,1,1,1,1,1,1,1,1
200,79,79,1,1,1,1,1,1,1,1,1
200,80,80,2,1,1,1,1,1,1,1,1
200,81,81,0,1,1,1,1,1,1,1,1
200,82,82,1,1,1,1,1,1,1,1,1
200,83,83,2,1,1,1,1,1,1,1,1
200,84,84,0,1,1,1,1,1,1,1,1
200,85,85,1,1,1,1,1,1,1,1,1
200,86,86,2,1,1,1,1,1,1,1,1
200,87,87,0,1,1,1,1,1,1,1,1
200,88,88,1,1,1,1,1,1,1,1,1
200,89,89,2,1,1,1,1,1,1,1,1
200,90,90,0,1,1,1,1,1,1,1,1
200,91,91,1,1,1,1,1,1,1,1,1
200,92,92,2,1,1,1,1,1,1,1,1
200,93,93,0,1,1,1,1,1,1,1,1
200,94,94,1,1,1,1,1,1,1,1,1
200,95,95,2,1,1,1,1,1,1,1,1
200,96,96,0,1,1,1,1,1,1,1,1
200,97,97,1,1,1,1,1,1,1,1,1
200,98,98,2,1,1,1,1,1,1,1,1
200,99,99,0,1,1,1,1,1,1,1,1
200,100,100,1,1,1,1,1,1,1,1,1
200,101,101,2,1,1,1,1,1,1,1,1
200,102,102,0,1,1,1,1,1,1,1,1
200,103,103,1,1,1,1,1,1,1,1,1
200,104,104,2,1,1,1,1,1,1,1,1
200,105,105,0,1,1,1,1,1,1,1,1
200,106,106,1,1,1,1,1,1,1,1,1
200,107,107,2,1,1,1,1,1,1,1,1
200,108,108,0,1,1,1,1,1,1,1,1
200,109,109,1,1,1,1,1,1,1,1,1
200,110,110,2,1,1,1,1,1,1,1,1
200,111,111,0,1,1,1,1,1,1,1,1
200,112,112,1,1,1,1,1,1,1,1,1
200,113,113,2,1,1,1,1,1,1,1,1
200,114,114,0,1,1,1,1,1,1,1,1
200,115,115,1,1,1,1,1,1,1,1,1
200,116,116,2,1,1,1,1,1,1,1,1
200,117,117,0,1,1,1,1,1,1,1,1
200,118,118,1,1,1,1,1,1,1,1,1
200,119,119,2,1,1,1,1,1,1,1,1
200,120,120,0,1,1,1,1,1,1,1,1
200,121,121,1,1,1,1,1,1,1,1,1
200,122,122,2,1,1,1,1,1,1,1,1
200,123,123,0,1,1,1,1,1,1,1,1
200,124,124,1,1,1,1,1,1,1,1,1
200,125,125,2,1,1,1,1,1,1,1,1
200,126,126,0,1,1,1,1,1,1,1,1
200,127,127,1,1,1,1,1,1,1,1,1
200,128,128,2,1,1,1,1,1,1,1,1
200,129,129,0,1,1,1,1,1,1,1,1
200,130,130,1,1,1,1,1,1,1,1,1
200,131,131,2,1,1,1,1,1,1,1,1
200,132,132,0,1,1,1,1,1,1,1,1
200,133,133,1,1,1,1,1,1,1,1,1
200,134,134,2,1,1,1,1,1,1,1,1
200,135,135,0,1,1,1,1,1,1,1,1
200,136,136,1,1,1,1,1,1,1,1,1
200,137,137,2,1,1,1,1,1,1,1,1
200,138,138,0,1,1,1,1,1,1,1,1
200,139,139,1,1,1,1,1,1,1,1,1
200,140,140,2,1,1,1,1,1,1,1,1
200,141,141,0,1,1,1,1,1,1,1,1
200,142,142,1,1,1,1,1,1,1,1,1
200,143,143,2,1,1,1,1,1,1,1,1
200,144,144,0,1,1,1,1,1,1,1,1
200,145,145,1,1,1,1,1,1,1,1,1
200,146,146,2,1,1,1,1,1,1,1,1
200,147,147,0,1,1,1,1,1,1,1,1
200,148,148,1,1,1,1,1,1,1,1,1
200,149,149,2,1,1,1,1,1,1,1,1
200,150,150,0,2,1,1,1,1,1,1,1
200,151,151,1,1,1,1,1,1,1,1,1
200,152,152,2,1,1,1,1,1,1,1,1
200,153,153,0,2,1,1,0,0,0,1,1
200,154,154,1,1,1,1,1,1,1,1,1
200,155,155,2,1,1,1,1,1,1,1,1
200,156,156,0,2,1,1,0,0,0,1,1
200,157,157,1,1,1,1,1,1,1,1,1
200,158,158,2,1,1,1,1,1,1,1,1
200,159,159,0,2,1,1,1,1,1,0,0
200,160,160,1,1,1,1,1,1,1,1,1
200,161,161,2,1,1,1,1,1,1,1,1
200,162,162,0,2,1,1,1,1,1,0,0
200,163,163,1,1,1,1,1,1,1,1,1
200,164,164,2,1,1,1,1,1,1,1,1
200,165,165,0,2,1,1,1,1,1,0,0
200,166,166,1,1,1,1,1,1,1,1,1
200,167,167,2,1,1,1,1,1,1,1,1
200,168,168,0,2,1,1,1,1,1,1,1
200,169,169,1,1,1,1,1,1,1,1,1
200,170,170,2,1,1,1,1,1,1,1,1
200,171,171,0,2,1,1,0,0,0,1,1
200,172,172,1,1,1,1,1,1,1,1,1
200,173,173,2,1,1,1,1,1,1,1,1
200,174,174,0,2,1,1,0,0,0,0,0
200,175,175,1,1,1,1,1,1,1,1,1
200,176,176,2,1,1,1,1,1,1,1,1
200,177,177,0,2,1,1,1,1,1,1,1
200,178,178,1,1,1,1,1,1,1,1,1
200,179,179,2,1,1,1,1,1,1,1,1
200,180,180,0,2,1,1,0,0,0,0,0
200,181,181,1,1,1,1,1,1,1,1,1
200,182,182,2,1,1,1,1,1,1,1,1
200,183,183,0,2,1,1,0,0,0,0,0
200,184,184,1,1,1,1,1,1,1,1,1
200,185,185,2,1,1,1,1,1,1,1,1
200,186,186,0,2,1,1,0,0,0,1,1
200,187,187,1,1,1,1,1,1,1,1,1
200,188,188,2,1,1,1,1,1,1,1,1
200,189,189,0,2,1,1,0,0,0,0,0
200,190,190,1,1,1,1,1,1,1,1,1
200,191,191,2,1,1,1,1,1,1,1,1
200,192,192,0,2,1,1,0,0,0,0,0
200,193,193,1,1,1,1,1,1,1,1,1
200,194,194,2,1,1,1,1,1,1,1,1
200,195,195,0,2,1,1,0,0,0,1,1
200,196,196,1,1,1,1,1,1,1,1,1
200,197,197,2,1,1,1,1,1,1,1,1
200,198,198,0,2,1,1,0,0,0,0,0
200,199,199,1,1,1,1,1,1,1,1,1
400,0,0,0,3,1,1,0,0,0,0,0
400,1,1,1,2,1,1,1,1,1,1,1
400,2,2,2,2,1,1,0,0,0,1,1
400,3,3,0,3,1,1,1,1,1,0,0
400,4,4,1,2,1,1,1,1,1,1,0
400,5,5,2,2,1,1,0,0,0,1,1
400,6,6,0,3,1,1,1,1,1,0,0
400,7,7,1,2,1,1,1,1,1,1,1
400,8,8,2,2,1,1,0,0,0,1,1
400,9,9,0,3,1,1,0,0,0,1,1
400,10,10,1,2,1,1,1,1,1,1,0
400,11,11,2,2,1,1,0,0,0,1,1
400,12,12,0,3,1,1,0,0,0,1,1
400,13,13,1,2,1,1,1,1,1,1,0
400,14,14,2,2,1,1,0,0,0,1,1
400,15,15,0,3,1,1,0,0,0,1,0
400,16,16,1,2,1,1,1,1,1,1,0
400,17,17,2,2,1,1,0,0,0,1,1
400,18,18,0,3,1,1,0,0,0,0,0
400,19,19,1,2,1,1,1,1,1,1,0
400,20,20,2,2,1,1,0,0,0,1,1
400,21,21,0,3,1,1,0,0,0,0,0
400,22,22,1,2,1,1,1,1,1,1,0
400,23,23,2,2,1,1,0,0,0,1,1
400,24,24,0,3,1,1,1,1,1,1,1
400,25,25,1,2,1,1,1,1,1,1,0
400,26,26,2,2,1,1,0,0,0,1,1
400,27,27,0,3,1,1,0,0,0,0,0
400,28,28,1,2,1,1,1,1,1,1,0
400,29,29,2,2,1,1,1,1,1,1,1
400,30,30,0,3,1,1,1,1,1,1,0
400,31,31,1,2,1,1,1,1,1,1,0
400,32,32,2,2,1,1,0,0,0,1,1
400,33,33,0,3,1,1,1,1,1,1,1
400,34,34,1,2,1,1,1,1,1,1,0
400,35,35,2,2,1,1,0,0,0,1,1
400,36,36,0,3,1,1,0,0,0,0,0
400,37,37,1,2,1,1,1,1,1,1,0
400,38,38,2,2,1,1,0,0,0,1,1
400,39,39,0,3,1,1,1,1,1,1,0
400,40,40,1,2,1,1,1,1,1,1,0
400,41,41,2,2,1,1,1,1,1,1,1
400,42,42,0,3,1,1,1,1,1,0,0
400,43,43,1,2,1,1,1,1,1,1,0
400,44,44,2,2,1,1,1,1,1,1,1
400,45,45,0,3,1,1,1,1,1,0,0
400,46,46,1,2,1,1,1,1,1,1,0
400,47,47,2,2,1,1,1,1,1,1,1
400,48,48,0,3,1,1,1,1,1,0,1
400,49,49,1,2,1,1,1,1,1,1,0
400,50,50,2,2,1,1,0,0,0,1,1
400,51,51,0,3,1,1,0,0,0,0,0
400,52,52,1,2,1,1,1,1,1,1,0
400,53,53,2,2,1,1,0,0,0,1,1
400,54,54,0,3,1,1,0,0,0,0,1
400,55,55,1,2,1,1,1,1,1,1,0
400,56,56,2,2,1,1,0,0,0,1,1
400,57,57,0,3,1,1,1,1,1,0,0
400,58,58,1,2,1,1,1,1,1,1,0
400,59,59,2,2,1,1,1,1,1,1,1
400,60,60,0,3,1,1,0,0,0,1,1
400,61,61,1,2,1,1,1,1,1,1,0
400,62,62,2,2,1,1,0,0,0,1,1
400,63,63,0,3,1,1,0,0,0,0,0
400,64,64,1,2,1,1,1,1,1,1,0
400,65,65,2,2,1,1,0,0,0,1,1
400,66,66,0,3,1,1,1,1,1,0,0
400,67,67,1,2,1,1,1,1,1,1,0
400,68,68,2,2,1,1,0,0,0,1,1
400,69,69,0,3,1,1,0,0,0,0,0
400,70,70,1,2,1,1,1,1,1,1,0
400,71,71,2,2,1,1,1,1,1,1,1
400,72,72,0,3,1,1,1,1,1,0,0
400,73,73,1,2,1,1,1,1,1,1,0
400,74,74,2,2,1,1,0,0,0,1,1
400,75,75,0,3,1,1,0,0,0,0,0
400,76,76,1,2,1,1,1,1,1,1,0
400,77,77,2,2,1,1,0,0,0,1,1
400,78,78,0,3,1,1,1,1,1,0,0
400,79,79,1,2,1,1,1,1,1,1,0
400,80,80,2,2,1,1,0,0,0,1,1
400,81,81,0,3,1,1,0,0,0,1,1
400,82,82,1,2,1,1,1,1,1,1,0
400,83,83,2,2,1,1,0,0,0,1,1
400,84,84,0,3,1,1,0,0,0,1,1
400,85,85,1,2,1,1,1,1,1,1,0
400,86,86,2,2,1,1,0,0,0,1,1
400,87,87,0,3,1,1,0,0,0,0,0
400,88,88,1,2,1,1,1,1,1,1,0
400,89,89,2,2,1,1,0,0,0,1,1
400,90,90,0,3,1,1,0,0,0,0,0
400,91,91,1,2,1,1,1,1,1,1,0
400,92,92,2,2,1,1,0,0,0,1,1
400,93,93,0,3,1,1,1,1,1,1,1
400,94,94,1,2,1,1,1,1,1,1,0
400,95,95,2,2,1,1,0,0,0,1,1
400,96,96,0,3,1,1,1,1,1,0,0
400,97,97,1,2,1,1,1,1,1,1,0
400,98,98,2,2,1,1,0,0,0,1,1
400,99,99,0,3,1,1,0,0,0,0,0
400,100,100,1,2,1,1,1,1,1,1,0
400,101,101,2,1,1,1,1,1,1,1,1
400,102,102,0,2,1,1,1,1,1,1,0
400,103,103,1,2,1,1,1,1,1,1,0
400,104,104,2,1,1,1,1,1,1,1,1
400,105,105,0,2,1,1,1,1,1,0,0
400,106,106,1,2,1,1,1,1,1,1,0
400,107,107,2,1,1,1,1,1,1,1,1
400,108,108,0,2,1,1,1,1,1,0,0
400,109,109,1,2,1,1,1,1,1,1,0
400,110,110,2,1,1,1,1,1,1,1,1
400,111,111,0,2,1,1,1,1,1,1,0
400,112,112,1,2,1,1,1,1,1,1,0
400,113,113,2,1,1,1,1,1,1,1,1
400,114,114,0,2,1,1,1,1,1,1,1
400,115,115,1,2,1,1,1,1,1,1,0
400,116,116,2,1,1,1,1,1,1,1,1
400,117,117,0,2,1,1,1,1,1,1,1
400,118,118,1,2,1,1,1,1,1,1,0
400,119,119,2,1,1,1,1,1,1,1,1
400,120,120,0,2,1,1,1,1,1,0,0
400,121,121,1,2,1,1,1,1,1,1,0
400,122,122,2,1,1,1,1,1,1,1,1
400,123,123,0,2,1,1,1,1,1,0,1
400,124,124,1,2,1,1,1,1,1,1,0
400,125,125,2,1,1,1,1,1,1,1,1
400,126,126,0,2,1,1,0,0,0,1,1
400,127,127,1,2,1,1,1,1,1,1,1
400,128,128,2,1,1,1,1,1,1,1,1
400,129,129,0,2,1,1,1,1,1,1,1
400,130,130,1,2,1,1,1,1,1,1,0
400,131,131,2,1,1,1,1,1,1,1,1
400,132,132,0,2,1,1,0,0,0,0,0
400,133,133,1,2,1,1,1,1,1,1,0
400,134,134,2,1,1,1,1,1,1,1,1
400,135,135,0,2,1,1,1,1,1,0,0
400,136,136,1,2,1,1,1,1,1,1,0
400,137,137,2,1,1,1,1,1,1,1,1
400,138,138,0,2,1,1,1,1,1,0,0
400,139,139,1,2,1,1,1,1,1,1,0
400,140,140,2,1,1,1,1,1,1,1,1
400,141,141,0,2,1,1,1,1,1,0,0
400,142,142,1,2,1,1,1,1,1,1,0
400,143,143,2,1,1,1,1,1,1,1,1
400,144,144,0,2,1,1,0,0,0,0,1
400,145,145,1,2,1,1,1,1,1,1,0
400,146,146,2,1,1,1,1,1,1,1,1
400,147,147,0,2,1,1,1,1,1,0,0
400,148,148,1,2,1,1,1,1,1,1,0
400,149,149,2,1,1,1,1,1,1,1,1
400,150,150,0,3,1,1,1,1,1,1,0
400,151,151,1,2,1,1,1,1,1,1,0
400,152,152,2,1,1,1,1,1,1,1,1
400,153,153,0,3,1,1,0,0,0,1,1
400,154,154,1,2,1,1,1,1,1,1,0
400,155,155,2,1,1,1,1,1,1,1,1
400,156,156,0,3,1,1,0,0,0,0,0
400,157,157,1,2,1,1,1,1,1,1,0
400,158,158,2,1,1,1,1,1,1,1,1
400,159,159,0,3,1,1,1,1,1,0,0
400,160,160,1,2,1,1,1,1,1,1,0
400,161,161,2,1,1,1,1,1,1,1,1
400,162,162,0,3,1,1,0,0,0,0,0
400,163,163,1,2,1,1,1,1,1,1,0
400,164,164,2,1,1,1,1,1,1,1,1
400,165,165,0,3,1,1,1,1,1,0,0
400,166,166,1,2,1,1,1,1,1,1,1
400,167,167,2,1,1,1,1,1,1,1,1
400,168,168,0,3,1,1,1,1,1,1,1
400,169,169,1,2,1,1,1,1,1,1,0
400,170,170,2,1,1,1,1,1,1,1,1
400,171,171,0,3,1,1,0,0,0,0,0
400,172,172,1,2,1,1,1,1,1,1,1
400,173,173,2,1,1,1,1,1,1,1,1
400,174,174,0,3,1,1,0,0,0,0,0
400,175,175,1,1,1,1,1,1,1,1,1
400,176,176,2,1,1,1,1,1,1,1,1
400,177,177,0,3,1,1,0,0,0,1,1
400,178,178,1,1,1,1,1,1,1,1,1
400,179,179,2,1,1,1,1,1,1,1,1
400,180,180,0,3,1,1,0,0,0,0,0
400,181,181,1,1,1,1,1,1,1,1,1
400,182,182,2,1,1,1,1,1,1,1,1
400,183,183,0,3,1,1,0,0,0,0,0
400,184,184,1,1,1,1,1,1,1,1,1
400,185,185,2,1,1,1,1,1,1,1,1
400,186,186,0,3,1,1,0,0,0,1,1
400,187,187,1,1,1,1,1,1,1,1,1
400,188,188,2,1,1,1,1,1,1,1,1
400,189,189,0,3,1,1,0,0,0,0,0
400,190,190,1,1,1,1,1,1,1,1,1
400,191,191,2,1,1,1,1,1,1,1,1
400,192,192,0,3,1,1,0,0,0,0,0
400,193,193,1,1,1,1,1,1,1,1,1
400,194,194,2,1,1,1,1,1,1,1,1
400,195,195,0,3,1,1,0,0,0,1,1
400,196,196,1,1,1,1,1,1,1,1,1
400,197,197,2,1,1,1,1,1,1,1,1
400,198,198,0,3,1,1,0,0,0,0,0
400,199,199,1,1,1,1,1,1,1,1,1
400,200,200,2,1,1,1,1,1,1,1,1
400,201,201,0,3,1,1,1,1,1,1,1
400,202,202,1,1,1,1,1,1,1,1,1
400,203,203,2,1,1,1,1,1,1,1,1
400,204,204,0,3,1,1,1,1,1,0,0
400,205,205,1,1,1,1,1,1,1,1,1
400,206,206,2,1,1,1,1,1,1,1,1
400,207,207,0,3,1,1,0,0,0,0,0
400,208,208,1,1,1,1,1,1,1,1,1
400,209,209,2,1,1,1,1,1,1,1,1
400,210,210,0,3,1,1,1,1,1,0,0
400,211,211,1,1,1,1,1,1,1,1,1
400,212,212,2,1,1,1,1,1,1,1,1
400,213,213,0,3,1,1,1,1,1,0,1
400,214,214,1,1,1,1,1,1,1,1,1
400,215,215,2,1,1,1,1,1,1,1,1
400,216,216,0,3,1,1,0,0,0,1,1
400,217,217,1,1,1,1,1,1,1,1,1
400,218,218,2,1,1,1,1,1,1,1,1
400,219,219,0,3,1,1,1,1,1,0,0
400,220,220,1,1,1,1,1,1,1,1,1
400,221,221,2,1,1,1,1,1,1,1,1
400,222,222,0,3,1,1,0,0,0,0,0
400,223,223,1,1,1,1,1,1,1,1,1
400,224,224,2,1,1,1,1,1,1,1,1
400,225,225,0,3,1,1,0,0,0,0,0
400,226,226,1,2,1,1,0,0,0,0,0
400,227,227,2,1,1,1,1,1,1,1,1
400,228,228,0,3,1,1,0,0,0,1,1
400,229,229,1,2,1,1,0,0,0,0,1
400,230,230,2,1,1,1,1,1,1,1,1
400,231,231,0,3,1,1,1,1,1,0,0
400,232,232,1,2,1,1,0,0,0,0,0
400,233,233,2,1,1,1,1,1,1,1,1
400,234,234,0,3,1,1,0,0,0,0,0
400,235,235,1,2,1,1,0,0,0,0,1
400,236,236,2,1,1,1,1,1,1,1,1
400,237,237,0,3,1,1,0,0,0,0,0
400,238,238,1,2,1,1,0,0,0,0,1
400,239,239,2,1,1,1,1,1,1,1,1
400,240,240,0,3,1,1,1,1,1,1,0
400,241,241,1,2,1,1,0,0,0,0,1
400,242,242,2,1,1,1,1,1,1,1,1
400,243,243,0,3,1,1,0,0,0,0,0
400,244,244,1,2,1,1,0,0,0,0,1
400,245,245,2,1,1,1,1,1,1,1,1
400,246,246,0,3,1,1,0,0,0,0,0
400,247,247,1,2,1,1,0,0,0,0,1
400,248,248,2,1,1,1,1,1,1,1,1
400,249,249,0,3,1,1,0,0,0,0,0
400,250,250,1,2,1,1,0,0,0,0,1
400,251,251,2,1,1,1,1,1,1,1,1
400,252,252,0,2,1,1,0,0,0,0,1
400,253,253,1,2,1,1,0,0,0,0,1
400,254,254,2,1,1,1,1,1,1,1,1
400,255,255,0,2,1,1,0,0,0,1,1
400,256,256,1,2,1,1,0,0,0,0,1
400,257,257,2,1,1,1,1,1,1,1,1
400,258,258,0,2,1,1,0,0,0,1,1
400,259,259,1,2,1,1,0,0,0,0,1
400,260,260,2,1,1,1,1,1,1,1,1
400,261,261,0,2,1,1,0,0,0,0,1
400,262,262,1,2,1,1,0,0,0,0,1
400,263,263,2,1,1,1,1,1,1,1,1
400,264,264,0,2,1,1,0,0,0,0,0
400,265,265,1,2,1,1,0,0,0,0,1
400,266,266,2,1,1,1,1,1,1,1,1
400,267,267,0,2,1,1,0,0,0,0,0
400,268,268,1,2,1,1,0,0,0,0,1
400,269,269,2,1,1,1,1,1,1,1,1
400,270,270,0,2,1,1,0,0,0,1,1
400,271,271,1,2,1,1,0,0,0,0,1
400,272,272,2,1,1,1,1,1,1,1,1
400,273,273,0,2,1,1,0,0,0,1,0
400,274,274,1,2,1,1,0,0,0,0,1
400,275,275,2,1,1,1,1,1,1,1,1
400,276,276,0,2,1,1,1,1,1,0,0
400,277,277,1,2,1,1,0,0,0,0,1
400,278,278,2,1,1,1,1,1,1,1,1
400,279,279,0,2,1,1,0,0,0,0,0
400,280,280,1,2,1,1,0,0,0,0,1
400,281,281,2,1,1,1,1,1,1,1,1
400,282,282,0,2,1,1,1,1,1,1,1
400,283,283,1,2,1,1,0,0,0,0,1
400,284,284,2,1,1,1,1,1,1,1,1
400,285,285,0,2,1,1,0,0,0,1,1
400,286,286,1,2,1,1,0,0,0,0,1
400,287,287,2,1,1,1,1,1,1,1,1
400,288,288,0,2,1,1,0,0,0,1,1
400,289,289,1,2,1,1,0,0,0,0,1
400,290,290,2,1,1,1,1,1,1,1,1
400,291,291,0,2,1,1,0,0,0,1,1
400,292,292,1,2,1,1,0,0,0,0,1
400,293,293,2,1,1,1,1,1,1,1,1
400,294,294,0,2,1,1,1,1,1,1,0
400,295,295,1,2,1,1,0,0,0,0,1
400,296,296,2,1,1,1,1,1,1,1,1
400,297,297,0,2,1,1,0,0,0,1,1
400,298,298,1,2,1,1,0,0,0,0,1
400,299,299,2,1,1,1,1,1,1,1,1
400,300,300,0,3,1,1,0,0,0,0,1
400,301,301,1,2,1,1,0,0,0,0,1
400,302,302,2,2,1,1,1,1,1,0,0
400,303,303,0,3,1,1,0,0,0,0,0
400,304,304,1,2,1,1,0,0,0,0,1
400,305,305,2,2,1,1,1,1,1,0,0
400,306,306,0,3,1,1,0,0,0,1,1
400,307,307,1,2,1,1,0,0,0,0,1
400,308,308,2,2,1,1,1,1,1,0,0
400,309,309,0,3,1,1,0,0,0,0,0
400,310,310,1,2,1,1,0,0,0,0,1
400,311,311,2,2,1,1,1,1,1,0,0
400,312,312,0,3,1,1,1,1,1,0,0
400,313,313,1,2,1,1,0,0,0,0,1
400,314,314,2,2,1,1,1,1,1,0,0
400,315,315,0,3,1,1,0,0,0,0,1
400,316,316,1,2,1,1,0,0,0,0,1
400,317,317,2,2,1,1,1,1,1,0,0
400,318,318,0,3,1,1,0,0,0,0,0
400,319,319,1,2,1,1,0,0,0,0,1
400,320,320,2,2,1,1,1,1,1,0,0
400,321,321,0,3,1,1,1,1,1,1,1
400,322,322,1,2,1,1,0,0,0,0,1
400,323,323,2,2,1,1,1,1,1,0,0
400,324,324,0,3,1,1,0,0,0,0,0
400,325,325,1,2,1,1,0,0,0,0,1
400,326,326,2,2,1,1,1,1,1,0,0
400,327,327,0,3,1,1,1,1,1,0,0
400,328,328,1,2,1,1,0,0,0,0,1
400,329,329,2,2,1,1,0,0,0,0,0
400,330,330,0,3,1,1,0,0,0,0,1
400,331,331,1,2,1,1,0,0,0,0,1
400,332,332,2,2,1,1,1,1,1,0,0
400,333,333,0,3,1,1,0,0,0,0,0
400,334,334,1,2,1,1,0,0,0,0,1
400,335,335,2,2,1,1,1,1,1,0,0
400,336,336,0,3,1,1,1,1,1,0,0
400,337,337,1,2,1,1,0,0,0,0,1
400,338,338,2,2,1,1,1,1,1,0,0
400,339,339,0,3,1,1,0,0,0,0,1
400,340,340,1,2,1,1,0,0,0,0,1
400,341,341,2,2,1,1,0,0,0,0,0
400,342,342,0,3,1,1,0,0,0,1,1
400,343,343,1,2,1,1,0,0,0,0,1
400,344,344,2,2,1,1,0,0,0,0,0
400,345,345,0,3,1,1,0,0,0,0,0
400,346,346,1,2,1,1,0,0,0,0,1
400,347,347,2,2,1,1,0,0,0,0,0
400,348,348,0,3,1,1,0,0,0,1,0
400,349,349,1,2,1,1,0,0,0,0,1
400,350,350,2,2,1,1,1,1,1,0,0
400,351,351,0,3,1,1,0,0,0,0,0
400,352,352,1,2,1,1,0,0,0,0,0
400,353,353,2,2,1,1,1,1,1,0,0
400,354,354,0,3,1,1,0,0,0,1,0
400,355,355,1,2,1,1,0,0,0,0,1
400,356,356,2,2,1,1,1,1,1,0,0
400,357,357,0,3,1,1,0,0,0,1,1
400,358,358,1,2,1,1,0,0,0,0,1
400,359,359,2,2,1,1,0,0,0,0,0
400,360,360,0,3,1,1,0,0,0,0,0
400,361,361,1,2,1,1,0,0,0,0,1
400,362,362,2,2,1,1,1,1,1,0,0
400,363,363,0,3,1,1,0,0,0,1,0
400,364,364,1,2,1,1,0,0,0,0,1
400,365,365,2,2,1,1,1,1,1,0,0
400,366,366,0,3,1,1,0,0,0,0,0
400,367,367,1,2,1,1,0,0,0,0,1
400,368,368,2,2,1,1,1,1,1,0,0
400,369,369,0,3,1,1,0,0,0,1,1
400,370,370,1,2,1,1,0,0,0,0,1
400,371,371,2,2,1,1,0,0,0,0,0
400,372,372,0,3,1,1,0,0,0,1,1
400,373,373,1,2,1,1,0,0,0,0,1
400,374,374,2,2,1,1,1,1,1,0,0
400,375,375,0,3,1,1,1,1,1,1,1
400,376,376,1,2,1,1,0,0,0,0,1
400,377,377,2,2,1,1,1,1,1,0,0
400,378,378,0,3,1,1,0,0,0,0,0
400,379,379,1,2,1,1,0,0,0,0,1
400,380,380,2,2,1,1,1,1,1,0,0
400,381,381,0,3,1,1,0,0,0,0,0
400,382,382,1,2,1,1,0,0,0,0,1
400,383,383,2,2,1,1,1,1,1,0,0
400,384,384,0,3,1,1,1,1,1,0,0
400,385,385,1,2,1,1,0,0,0,0,1
400,386,386,2,2,1,1,1,1,1,0,0
400,387,387,0,3,1,1,1,1,1,1,1
400,388,388,1,2,1,1,0,0,0,0,1
400,389,389,2,2,1,1,1,1,1,0,0
400,390,390,0,3,1,1,0,0,0,0,1
400,391,391,1,2,1,1,0,0,0,0,0
400,392,392,2,2,1,1,1,1,1,0,0
400,393,393,0,3,1,1,0,0,0,0,0
400,394,394,1,2,1,1,0,0,0,0,1
400,395,395,2,2,1,1,1,1,1,0,0
400,396,396,0,3,1,1,0,0,0,1,1
400,397,397,1,2,1,1,0,0,0,0,0
400,398,398,2,2,1,1,1,1,1,0,0
400,399,399,0,3,1,1,1,1,1,1,1
800,0,0,0,6,1,1,0,0,0,0,0
800,1,1,1,4,1,1,0,0,0,0,1
800,2,2,2,3,1,1,0,0,0,1,1
800,3,3,0,6,1,1,0,0,0,0,0
800,4,4,1,4,1,1,0,0,0,0,0
800,5,5,2,3,1,1,0,0,0,1,1
800,6,6,0,6,1,1,0,0,0,0,0
800,7,7,1,4,1,1,1,1,1,0,1
800,8,8,2,3,1,1,0,0,0,1,1
800,9,9,0,6,1,1,0,0,0,1,1
800,10,10,1,4,1,1,0,0,0,0,0
800,11,11,2,3,1,1,0,0,0,1,1
800,12,12,0,6,1,1,0,0,0,1,1
800,13,13,1,4,1,1,0,0,0,0,0
800,14,14,2,3,1,1,0,0,0,1,1
800,15,15,0,6,1,1,0,0,0,0,0
800,16,16,1,4,1,1,0,0,0,0,0
800,17,17,2,3,1,1,0,0,0,1,1
800,18,18,0,6,1,1,0,0,0,0,0
800,19,19,1,4,1,1,0,0,0,0,0
800,20,20,2,3,1,1,0,0,0,1,1
800,21,21,0,6,1,1,0,0,0,0,0
800,22,22,1,4,1,1,1,1,1,0,0
800,23,23,2,3,1,1,0,0,0,1,1
800,24,24,0,6,1,1,1,1,1,1,1
800,25,25,1,4,1,1,0,0,0,0,0
800,26,26,2,3,1,1,0,0,0,1,1
800,27,27,0,6,1,1,0,0,0,0,0
800,28,28,1,4,1,1,0,0,0,0,0
800,29,29,2,3,1,1,0,0,0,1,1
800,30,30,0,6,1,1,1,1,1,0,0
800,31,31,1,4,1,1,0,0,0,0,0
800,32,32,2,3,1,1,0,0,0,1,1
800,33,33,0,6,1,1,1,1,1,0,0
800,34,34,1,4,1,1,0,0,0,0,0
800,35,35,2,3,1,1,0,0,0,1,1
800,36,36,0,6,1,1,0,0,0,0,0
800,37,37,1,4,1,1,1,1,1,0,0
800,38,38,2,3,1,1,0,0,0,1,1
800,39,39,0,6,1,1,0,0,0,1,0
800,40,40,1,4,1,1,0,0,0,0,0
800,41,41,2,3,1,1,0,0,0,1,1
800,42,42,0,6,1,1,0,0,0,0,0
800,43,43,1,4,1,1,0,0,0,0,0
800,44,44,2,3,1,1,0,0,0,1,1
800,45,45,0,6,1,1,0,0,0,0,0
800,46,46,1,4,1,1,1,1,1,0,0
800,47,47,2,3,1,1,0,0,0,1,1
800,48,48,0,6,1,1,0,0,0,0,1
800,49,49,1,4,1,1,1,1,1,0,0
800,50,50,2,3,1,1,0,0,0,1,1
800,51,51,0,5,1,1,0,0,0,0,0
800,52,52,1,4,1,1,1,1,1,0,0
800,53,53,2,3,1,1,0,0,0,1,1
800,54,54,0,5,1,1,0,0,0,0,1
800,55,55,1,4,1,1,1,1,1,0,0
800,56,56,2,3,1,1,0,0,0,1,1
800,57,57,0,5,1,1,0,0,0,0,0
800,58,58,1,4,1,1,1,1,1,0,0
800,59,59,2,3,1,1,0,0,0,1,1
800,60,60,0,5,1,1,0,0,0,1,1
800,61,61,1,4,1,1,1,1,1,0,0
800,62,62,2,3,1,1,0,0,0,1,1
800,63,63,0,5,1,1,0,0,0,0,0
800,64,64,1,4,1,1,1,1,1,0,0
800,65,65,2,3,1,1,0,0,0,1,1
800,66,66,0,5,1,1,1,1,1,0,0
800,67,67,1,4,1,1,1,1,1,0,0
800,68,68,2,3,1,1,0,0,0,1,1
800,69,69,0,5,1,1,0,0,0,0,0
800,70,70,1,4,1,1,1,1,1,0,0
800,71,71,2,3,1,1,0,0,0,1,1
800,72,72,0,5,1,1,1,1,1,0,0
800,73,73,1,4,1,1,1,1,1,0,0
800,74,74,2,3,1,1,0,0,0,1,1
800,75,75,0,5,1,1,0,0,0,0,0
800,76,76,1,4,1,1,0,0,0,0,0
800,77,77,2,3,1,1,0,0,0,1,1
800,78,78,0,5,1,1,0,0,0,0,0
800,79,79,1,4,1,1,0,0,0,0,0
800,80,80,2,3,1,1,0,0,0,1,1
800,81,81,0,5,1,1,0,0,0,1,1
800,82,82,1,4,1,1,1,1,1,0,0
800,83,83,2,3,1,1,0,0,0,1,1
800,84,84,0,5,1,1,0,0,0,1,1
800,85,85,1,4,1,1,0,0,0,0,0
800,86,86,2,3,1,1,0,0,0,1,1
800,87,87,0,5,1,1,0,0,0,0,0
800,88,88,1,4,1,1,0,0,0,0,0
800,89,89,2,3,1,1,0,0,0,1,1
800,90,90,0,5,1,1,0,0,0,0,0
800,91,91,1,4,1,1,1,1,1,0,0
800,92,92,2,3,1,1,0,0,0,1,1
800,93,93,0,5,1,1,1,1,1,0,1
800,94,94,1,4,1,1,0,0,0,0,0
800,95,95,2,3,1,1,0,0,0,1,1
800,96,96,0,5,1,1,1,1,1,0,0
800,97,97,1,4,1,1,1,1,1,0,0
800,98,98,2,3,1,1,0,0,0,1,1
800,99,99,0,5,1,1,0,0,0,0,0
800,100,100,1,4,1,1,0,0,0,0,0
800,101,101,2,3,1,1,1,1,1,0,0
800,102,102,0,5,1,1,0,0,0,0,0
800,103,103,1,4,1,1,0,0,0,0,0
800,104,104,2,3,1,1,1,1,1,0,0
800,105,105,0,5,1,1,1,1,1,0,0
800,106,106,1,4,1,1,1,1,1,0,0
800,107,107,2,3,1,1,0,0,0,0,0
800,108,108,0,5,1,1,0,0,0,0,0
800,109,109,1,4,1,1,0,0,0,0,0
800,110,110,2,3,1,1,1,1,1,0,0
800,111,111,0,5,1,1,0,0,0,1,0
800,112,112,1,4,1,1,1,1,1,0,0
800,113,113,2,3,1,1,1,1,1,0,0
800,114,114,0,5,1,1,0,0,0,0,0
800,115,115,1,4,1,1,0,0,0,0,0
800,116,116,2,3,1,1,1,1,1,0,0
800,117,117,0,5,1,1,0,0,0,0,0
800,118,118,1,4,1,1,0,0,0,0,0
800,119,119,2,3,1,1,1,1,1,0,0
800,120,120,0,5,1,1,0,0,0,0,0
800,121,121,1,4,1,1,0,0,0,0,0
800,122,122,2,3,1,1,1,1,1,0,0
800,123,123,0,5,1,1,1,1,1,0,1
800,124,124,1,4,1,1,0,0,0,0,0
800,125,125,2,3,1,1,1,1,1,0,0
800,126,126,0,5,1,1,0,0,0,0,0
800,127,127,1,3,1,1,1,1,1,0,1
800,128,128,2,3,1,1,1,1,1,0,0
800,129,129,0,5,1,1,1,1,1,0,0
800,130,130,1,3,1,1,0,0,0,0,0
800,131,131,2,3,1,1,1,1,1,0,0
800,132,132,0,5,1,1,0,0,0,0,0
800,133,133,1,3,1,1,0,0,0,0,0
800,134,134,2,3,1,1,1,1,1,0,0
800,135,135,0,5,1,1,1,1,1,0,0
800,136,136,1,3,1,1,0,0,0,0,0
800,137,137,2,3,1,1,0,0,0,0,0
800,138,138,0,5,1,1,0,0,0,0,0
800,139,139,1,3,1,1,0,0,0,0,0
800,140,140,2,3,1,1,1,1,1,0,0
800,141,141,0,5,1,1,1,1,1,0,0
800,142,142,1,3,1,1,1,1,1,0,0
800,143,143,2,3,1,1,1,1,1,0,0
800,144,144,0,5,1,1,0,0,0,0,0
800,145,145,1,3,1,1,0,0,0,0,0
800,146,146,2,3,1,1,1,1,1,0,0
800,147,147,0,5,1,1,0,0,0,0,0
800,148,148,1,3,1,1,0,0,0,0,0
800,149,149,2,3,1,1,1,1,1,0,0
800,150,150,0,6,1,1,0,0,0,0,0
800,151,151,1,3,1,1,0,0,0,0,0
800,152,152,2,3,1,1,1,1,1,0,0
800,153,153,0,6,1,1,0,0,0,0,0
800,154,154,1,3,1,1,0,0,0,0,0
800,155,155,2,3,1,1,1,1,1,0,0
800,156,156,0,6,1,1,0,0,0,0,0
800,157,157,1,3,1,1,1,1,1,0,0
800,158,158,2,3,1,1,1,1,1,0,0
800,159,159,0,6,1,1,0,0,0,0,0
800,160,160,1,3,1,1,0,0,0,0,0
800,161,161,2,3,1,1,1,1,1,0,0
800,162,162,0,6,1,1,0,0,0,0,0
800,163,163,1,3,1,1,0,0,0,0,0
800,164,164,2,3,1,1,1,1,1,0,0
800,165,165,0,6,1,1,0,0,0,0,0
800,166,166,1,3,1,1,1,1,1,0,1
800,167,167,2,3,1,1,1,1,1,0,0
800,168,168,0,6,1,1,0,0,0,0,0
800,169,169,1,3,1,1,0,0,0,0,0
800,170,170,2,3,1,1,1,1,1,0,0
800,171,171,0,6,1,1,0,0,0,0,0
800,172,172,1,3,1,1,1,1,1,0,1
800,173,173,2,3,1,1,1,1,1,0,0
800,174,174,0,6,1,1,0,0,0,0,0
800,175,175,1,3,1,1,0,0,0,0,0
800,176,176,2,3,1,1,1,1,1,0,0
800,177,177,0,6,1,1,0,0,0,1,1
800,178,178,1,3,1,1,0,0,0,0,1
800,179,179,2,3,1,1,1,1,1,0,0
800,180,180,0,6,1,1,0,0,0,0,0
800,181,181,1,3,1,1,1,1,1,0,1
800,182,182,2,3,1,1,1,1,1,0,0
800,183,183,0,6,1,1,0,0,0,0,0
800,184,184,1,3,1,1,0,0,0,0,0
800,185,185,2,3,1,1,1,1,1,0,0
800,186,186,0,6,1,1,0,0,0,1,1
800,187,187,1,3,1,1,1,1,1,0,1
800,188,188,2,3,1,1,1,1,1,0,0
800,189,189,0,6,1,1,0,0,0,0,0
800,190,190,1,3,1,1,0,0,0,0,1
800,191,191,2,3,1,1,1,1,1,0,0
800,192,192,0,6,1,1,0,0,0,0,0
800,193,193,1,3,1,1,0,0,0,0,1
800,194,194,2,3,1,1,1,1,1,0,0
800,195,195,0,6,1,1,0,0,0,0,0
800,196,196,1,3,1,1,0,0,0,0,0
800,197,197,2,3,1,1,1,1,1,0,0
800,198,198,0,6,1,1,0,0,0,0,0
800,199,199,1,3,1,1,0,0,0,0,0
800,200,200,2,2,1,1,0,0,0,0,0
800,201,201,0,5,1,1,0,0,0,1,1
800,202,202,1,3,1,1,1,1,1,0,0
800,203,203,2,2,1,1,0,0,0,0,0
800,204,204,0,5,1,1,1,1,1,0,0
800,205,205,1,3,1,1,0,0,0,0,0
800,206,206,2,2,1,1,1,1,1,0,0
800,207,207,0,5,1,1,0,0,0,0,0
800,208,208,1,3,1,1,0,0,0,0,0
800,209,209,2,2,1,1,0,0,0,0,0
800,210,210,0,5,1,1,0,0,0,0,0
800,211,211,1,3,1,1,0,0,0,0,1
800,212,212,2,2,1,1,1,1,1,0,0
800,213,213,0,5,1,1,1,1,1,0,0
800,214,214,1,3,1,1,0,0,0,0,0
800,215,215,2,2,1,1,0,0,0,0,0
800,216,216,0,5,1,1,0,0,0,0,0
800,217,217,1,3,1,1,0,0,0,0,1
800,218,218,2,2,1,1,1,1,1,0,0
800,219,219,0,5,1,1,0,0,0,0,0
800,220,220,1,3,1,1,0,0,0,0,0
800,221,221,2,2,1,1,0,0,0,0,0
800,222,222,0,5,1,1,0,0,0,0,0
800,223,223,1,3,1,1,0,0,0,0,1
800,224,224,2,2,1,1,1,1,1,0,0
800,225,225,0,5,1,1,0,0,0,0,0
800,226,226,1,4,1,1,0,0,0,0,0
800,227,227,2,2,1,1,0,0,0,0,0
800,228,228,0,5,1,1,0,0,0,0,0
800,229,229,1,4,1,1,0,0,0,0,1
800,230,230,2,2,1,1,1,1,1,0,0
800,231,231,0,5,1,1,1,1,1,0,0
800,232,232,1,4,1,1,0,0,0,0,0
800,233,233,2,2,1,1,0,0,0,0,0
800,234,234,0,5,1,1,0,0,0,0,0
800,235,235,1,4,1,1,0,0,0,0,1
800,236,236,2,2,1,1,1,1,1,0,0
800,237,237,0,5,1,1,0,0,0,0,0
800,238,238,1,4,1,1,0,0,0,0,0
800,239,239,2,2,1,1,0,0,0,0,0
800,240,240,0,5,1,1,1,1,1,1,0
800,241,241,1,4,1,1,0,0,0,0,1
800,242,242,2,2,1,1,0,0,0,0,0
800,243,243,0,5,1,1,0,0,0,0,0
800,244,244,1,4,1,1,0,0,0,0,1
800,245,245,2,2,1,1,0,0,0,0,0
800,246,246,0,5,1,1,0,0,0,0,0
800,247,247,1,4,1,1,0,0,0,0,1
800,248,248,2,2,1,1,0,0,0,0,0
800,249,249,0,5,1,1,0,0,0,0,0
800,250,250,1,4,1,1,0,0,0,0,1
800,251,251,2,2,1,1,0,0,0,0,0
800,252,252,0,5,1,1,0,0,0,0,0
800,253,253,1,4,1,1,0,0,0,0,1
800,254,254,2,2,1,1,0,0,0,0,0
800,255,255,0,5,1,1,0,0,0,0,0
800,256,256,1,4,1,1,0,0,0,0,1
800,257,257,2,2,1,1,0,0,0,0,0
800,258,258,0,5,1,1,0,0,0,1,1
800,259,259,1,4,1,1,0,0,0,0,1
800,260,260,2,2,1,1,0,0,0,0,0
800,261,261,0,5,1,1,0,0,0,0,0
800,262,262,1,4,1,1,0,0,0,0,1
800,263,263,2,2,1,1,0,0,0,0,0
800,264,264,0,5,1,1,0,0,0,0,0
800,265,265,1,4,1,1,0,0,0,0,1
800,266,266,2,2,1,1,0,0,0,0,0
800,267,267,0,5,1,1,0,0,0,0,0
800,268,268,1,4,1,1,0,0,0,0,0
800,269,269,2,2,1,1,0,0,0,0,0
800,270,270,0,5,1,1,0,0,0,1,1
800,271,271,1,4,1,1,0,0,0,0,1
800,272,272,2,2,1,1,1,1,1,0,0
800,273,273,0,5,1,1,0,0,0,0,0
800,274,274,1,4,1,1,0,0,0,0,1
800,275,275,2,2,1,1,0,0,0,0,0
800,276,276,0,5,1,1,0,0,0,0,0
800,277,277,1,4,1,1,0,0,0,0,1
800,278,278,2,2,1,1,1,1,1,0,0
800,279,279,0,5,1,1,0,0,0,0,0
800,280,280,1,4,1,1,0,0,0,0,1
800,281,281,2,2,1,1,0,0,0,0,0
800,282,282,0,5,1,1,0,0,0,1,1
800,283,283,1,4,1,1,0,0,0,0,1
800,284,284,2,2,1,1,0,0,0,0,0
800,285,285,0,5,1,1,0,0,0,1,1
800,286,286,1,4,1,1,0,0,0,0,1
800,287,287,2,2,1,1,0,0,0,0,0
800,288,288,0,5,1,1,0,0,0,1,1
800,289,289,1,4,1,1,0,0,0,0,1
800,290,290,2,2,1,1,0,0,0,0,0
800,291,291,0,5,1,1,0,0,0,0,1
800,292,292,1,4,1,1,0,0,0,0,1
800,293,293,2,2,1,1,0,0,0,0,0
800,294,294,0,5,1,1,1,1,1,0,0
800,295,295,1,4,1,1,0,0,0,0,1
800,296,296,2,2,1,1,0,0,0,0,0
800,297,297,0,5,1,1,0,0,0,1,1
800,298,298,1,4,1,1,0,0,0,0,1
800,299,299,2,2,1,1,0,0,0,0,0
800,300,300,0,6,1,1,0,0,0,0,0
800,301,301,1,4,1,1,0,0,0,0,1
800,302,302,2,3,1,1,0,0,0,0,0
800,303,303,0,6,1,1,0,0,0,0,0
800,304,304,1,4,1,1,0,0,0,0,1
800,305,305,2,3,1,1,0,0,0,0,0
800,306,306,0,6,1,1,0,0,0,0,0
800,307,307,1,4,1,1,0,0,0,0,1
800,308,308,2,3,1,1,0,0,0,0,0
800,309,309,0,6,1,1,0,0,0,0,0
800,310,310,1,4,1,1,0,0,0,0,1
800,311,311,2,3,1,1,0,0,0,0,0
800,312,312,0,6,1,1,0,0,0,0,0
800,313,313,1,4,1,1,0,0,0,0,1
800,314,314,2,3,1,1,0,0,0,0,0
800,315,315,0,6,1,1,0,0,0,0,1
800,316,316,1,4,1,1,0,0,0,0,1
800,317,317,2,3,1,1,0,0,0,0,0
800,318,318,0,6,1,1,0,0,0,0,0
800,319,319,1,4,1,1,0,0,0,0,1
800,320,320,2,3,1,1,0,0,0,0,0
800,321,321,0,6,1,1,1,1,1,1,0
800,322,322,1,4,1,1,0,0,0,0,1
800,323,323,2,3,1,1,0,0,0,0,0
800,324,324,0,6,1,1,0,0,0,0,0
800,325,325,1,4,1,1,0,0,0,0,1
800,326,326,2,3,1,1,0,0,0,0,0
800,327,327,0,6,1,1,0,0,0,0,0
800,328,328,1,4,1,1,0,0,0,0,1
800,329,329,2,3,1,1,0,0,0,0,0
800,330,330,0,6,1,1,0,0,0,0,0
800,331,331,1,4,1,1,0,0,0,0,1
800,332,332,2,3,1,1,0,0,0,0,0
800,333,333,0,6,1,1,0,0,0,0,0
800,334,334,1,4,1,1,0,0,0,0,1
800,335,335,2,3,1,1,0,0,0,0,0
800,336,336,0,6,1,1,0,0,0,0,0
800,337,337,1,4,1,1,0,0,0,0,1
800,338,338,2,3,1,1,0,0,0,0,0
800,339,339,0,6,1,1,0,0,0,0,1
800,340,340,1,4,1,1,0,0,0,0,1
800,341,341,2,3,1,1,0,0,0,0,0
800,342,342,0,6,1,1,0,0,0,0,0
800,343,343,1,4,1,1,0,0,0,0,1
800,344,344,2,3,1,1,0,0,0,0,0
800,345,345,0,6,1,1,0,0,0,0,0
800,346,346,1,4,1,1,0,0,0,0,1
800,347,347,2,3,1,1,0,0,0,0,0
800,348,348,0,6,1,1,0,0,0,1,0
800,349,349,1,4,1,1,0,0,0,0,0
800,350,350,2,3,1,1,0,0,0,0,0
800,351,351,0,5,1,1,0,0,0,0,0
800,352,352,1,3,1,1,0,0,0,0,0
800,353,353,2,3,1,1,0,0,0,0,0
800,354,354,0,5,1,1,0,0,0,1,0
800,355,355,1,3,1,1,0,0,0,0,1
800,356,356,2,3,1,1,0,0,0,0,0
800,357,357,0,5,1,1,0,0,0,0,0
800,358,358,1,3,1,1,0,0,0,0,1
800,359,359,2,3,1,1,0,0,0,0,0
800,360,360,0,5,1,1,0,0,0,0,0
800,361,361,1,3,1,1,0,0,0,0,1
800,362,362,2,3,1,1,0,0,0,0,0
800,363,363,0,5,1,1,0,0,0,0,0
800,364,364,1,3,1,1,0,0,0,0,1
800,365,365,2,3,1,1,0,0,0,0,0
800,366,366,0,5,1,1,0,0,0,0,0
800,367,367,1,3,1,1,0,0,0,0,1
800,368,368,2,3,1,1,0,0,0,0,0
800,369,369,0,5,1,1,0,0,0,0,0
800,370,370,1,3,1,1,0,0,0,0,1
800,371,371,2,3,1,1,0,0,0,0,0
800,372,372,0,5,1,1,0,0,0,1,1
800,373,373,1,3,1,1,0,0,0,0,1
800,374,374,2,3,1,1,0,0,0,0,0
800,375,375,0,5,1,1,0,0,0,1,1
800,376,376,1,3,1,1,0,0,0,0,1
800,377,377,2,3,1,1,0,0,0,0,0
800,378,378,0,5,1,1,0,0,0,0,0
800,379,379,1,3,1,1,0,0,0,0,1
800,380,380,2,3,1,1,0,0,0,0,0
800,381,381,0,5,1,1,0,0,0,0,0
800,382,382,1,3,1,1,0,0,0,0,1
800,383,383,2,3,1,1,0,0,0,0,0
800,384,384,0,5,1,1,1,1,1,0,0
800,385,385,1,3,1,1,0,0,0,0,1
800,386,386,2,3,1,1,0,0,0,0,0
800,387,387,0,5,1,1,0,0,0,1,0
800,388,388,1,3,1,1,0,0,0,0,1
800,389,389,2,3,1,1,0,0,0,0,0
800,390,390,0,5,1,1,0,0,0,0,1
800,391,391,1,3,1,1,0,0,0,0,0
800,392,392,2,3,1,1,0,0,0,0,0
800,393,393,0,5,1,1,0,0,0,0,0
800,394,394,1,3,1,1,0,0,0,0,1
800,395,395,2,3,1,1,0,0,0,0,0
800,396,396,0,5,1,1,0,0,0,0,0
800,397,397,1,3,1,1,0,0,0,0,0
800,398,398,2,3,1,1,0,0,0,0,0
800,399,399,0,5,1,1,0,0,0,1,1
800,400,400,1,3,1,1,0,0,0,0,1
800,401,401,2,3,1,1,0,0,0,1,1
800,402,402,0,5,1,1,0,0,0,0,0
800,403,403,1,3,1,1,0,0,0,0,0
800,404,404,2,3,1,1,0,0,0,1,1
800,405,405,0,5,1,1,0,0,0,0,0
800,406,406,1,3,1,1,0,0,0,0,0
800,407,407,2,3,1,1,0,0,0,1,1
800,408,408,0,5,1,1,0,0,0,0,0
800,409,409,1,3,1,1,0,0,0,0,1
800,410,410,2,3,1,1,0,0,0,1,1
800,411,411,0,5,1,1,0,0,0,0,0
800,412,412,1,3,1,1,0,0,0,0,0
800,413,413,2,3,1,1,0,0,0,1,1
800,414,414,0,5,1,1,0,0,0,1,1
800,415,415,1,3,1,1,0,0,0,0,0
800,416,416,2,3,1,1,0,0,0,1,1
800,417,417,0,5,1,1,1,1,1,1,1
800,418,418,1,3,1,1,0,0,0,0,0
800,419,419,2,3,1,1,0,0,0,1,1
800,420,420,0,5,1,1,0,0,0,0,0
800,421,421,1,3,1,1,0,0,0,0,1
800,422,422,2,3,1,1,0,0,0,1,1
800,423,423,0,5,1,1,0,0,0,0,0
800,424,424,1,3,1,1,0,0,0,0,1
800,425,425,2,3,1,1,0,0,0,1,1
800,426,426,0,5,1,1,0,0,0,0,0
800,427,427,1,3,1,1,0,0,0,0,1
800,428,428,2,3,1,1,0,0,0,1,1
800,429,429,0,5,1,1,0,0,0,0,0
800,430,430,1,3,1,1,0,0,0,0,1
800,431,431,2,3,1,1,0,0,0,1,1
800,432,432,0,5,1,1,0,0,0,0,0
800,433,433,1,3,1,1,0,0,0,0,1
800,434,434,2,3,1,1,0,0,0,1,1
800,435,435,0,5,1,1,0,0,0,0,0
800,436,436,1,3,1,1,0,0,0,0,0
800,437,437,2,3,1,1,0,0,0,1,1
800,438,438,0,5,1,1,1,1,1,0,0
800,439,439,1,3,1,1,0,0,0,0,1
800,440,440,2,3,1,1,0,0,0,1,1
800,441,441,0,5,1,1,0,0,0,0,0
800,442,442,1,3,1,1,0,0,0,0,0
800,443,443,2,3,1,1,0,0,0,1,1
800,444,444,0,5,1,1,0,0,0,1,1
800,445,445,1,3,1,1,0,0,0,0,1
800,446,446,2,3,1,1,0,0,0,1,1
800,447,447,0,5,1,1,1,1,1,0,0
800,448,448,1,3,1,1,0,0,0,0,0
800,449,449,2,3,1,1,0,0,0,1,1
800,450,450,0,6,1,1,0,0,0,1,1
800,451,451,1,4,1,1,0,0,0,0,0
800,452,452,2,3,1,1,0,0,0,1,1
800,453,453,0,6,1,1,0,0,0,0,0
800,454,454,1,4,1,1,1,1,1,0,0
800,455,455,2,3,1,1,0,0,0,1,1
800,456,456,0,6,1,1,0,0,0,0,0
800,457,457,1,4,1,1,0,0,0,0,0
800,458,458,2,3,1,1,0,0,0,1,1
800,459,459,0,6,1,1,0,0,0,0,0
800,460,460,1,4,1,1,0,0,0,0,0
800,461,461,2,3,1,1,0,0,0,1,1
800,462,462,0,6,1,1,0,0,0,0,0
800,463,463,1,4,1,1,1,1,1,0,0
800,464,464,2,3,1,1,0,0,0,1,1
800,465,465,0,6,1,1,1,1,1,1,0
800,466,466,1,4,1,1,0,0,0,0,0
800,467,467,2,3,1,1,0,0,0,1,1
800,468,468,0,6,1,1,0,0,0,0,0
800,469,469,1,4,1,1,0,0,0,0,0
800,470,470,2,3,1,1,0,0,0,1,1
800,471,471,0,6,1,1,0,0,0,0,0
800,472,472,1,4,1,1,0,0,0,0,0
800,473,473,2,3,1,1,0,0,0,1,1
800,474,474,0,6,1,1,0,0,0,0,0
800,475,475,1,4,1,1,0,0,0,0,0
800,476,476,2,3,1,1,0,0,0,1,1
800,477,477,0,6,1,1,1,1,1,0,0
800,478,478,1,4,1,1,1,1,1,1,0
800,479,479,2,3,1,1,0,0,0,1,1
800,480,480,0,6,1,1,0,0,0,0,0
800,481,481,1,4,1,1,1,1,1,0,0
800,482,482,2,3,1,1,0,0,0,1,1
800,483,483,0,6,1,1,0,0,0,0,0
800,484,484,1,4,1,1,0,0,0,0,0
800,485,485,2,3,1,1,0,0,0,1,1
800,486,486,0,6,1,1,1,1,1,0,0
800,487,487,1,4,1,1,0,0,0,0,0
800,488,488,2,3,1,1,0,0,0,1,1
800,489,489,0,6,1,1,1,1,1,0,0
800,490,490,1,4,1,1,1,1,1,0,0
800,491,491,2,3,1,1,0,0,0,1,1
800,492,492,0,6,1,1,0,0,0,1,1
800,493,493,1,4,1,1,1,1,1,0,0
800,494,494,2,3,1,1,0,0,0,1,1
800,495,495,0,6,1,1,1,1,1,0,0
800,496,496,1,4,1,1,0,0,0,0,0
800,497,497,2,3,1,1,0,0,0,1,1
800,498,498,0,6,1,1,1,1,1,0,0
800,499,499,1,4,1,1,0,0,0,0,0
800,500,500,2,2,1,1,1,1,1,1,1
800,501,501,0,5,1,1,0,0,0,0,0
800,502,502,1,4,1,1,0,0,0,0,0
800,503,503,2,2,1,1,1,1,1,1,1
800,504,504,0,5,1,1,0,0,0,0,0
800,505,505,1,4,1,1,0,0,0,0,0
800,506,506,2,2,1,1,0,0,0,1,1
800,507,507,0,5,1,1,0,0,0,1,1
800,508,508,1,4,1,1,0,0,0,0,0
800,509,509,2,2,1,1,1,1,1,1,1
800,510,510,0,5,1,1,0,0,0,0,0
800,511,511,1,4,1,1,0,0,0,0,0
800,512,512,2,2,1,1,0,0,0,1,1
800,513,513,0,5,1,1,0,0,0,0,0
800,514,514,1,4,1,1,0,0,0,0,0
800,515,515,2,2,1,1,1,1,1,1,1
800,516,516,0,5,1,1,0,0,0,1,1
800,517,517,1,4,1,1,0,0,0,0,0
800,518,518,2,2,1,1,0,0,0,1,1
800,519,519,0,5,1,1,1,1,1,1,1
800,520,520,1,4,1,1,0,0,0,0,0
800,521,521,2,2,1,1,1,1,1,1,1
800,522,522,0,5,1,1,0,0,0,0,0
800,523,523,1,4,1,1,0,0,0,0,0
800,524,524,2,2,1,1,0,0,0,1,1
800,525,525,0,5,1,1,0,0,0,0,0
800,526,526,1,4,1,1,1,1,1,0,0
800,527,527,2,2,1,1,1,1,1,1,1
800,528,528,0,5,1,1,0,0,0,1,1
800,529,529,1,4,1,1,1,1,1,0,0
800,530,530,2,2,1,1,0,0,0,1,1
800,531,531,0,5,1,1,0,0,0,0,0
800,532,532,1,4,1,1,0,0,0,0,0
800,533,533,2,2,1,1,1,1,1,1,1
800,534,534,0,5,1,1,0,0,0,0,0
800,535,535,1,4,1,1,1,1,1,0,0
800,536,536,2,2,1,1,0,0,0,1,1
800,537,537,0,5,1,1,1,1,1,0,0
800,538,538,1,4,1,1,1,1,1,0,0
800,539,539,2,2,1,1,1,1,1,1,1
800,540,540,0,5,1,1,0,0,0,0,0
800,541,541,1,4,1,1,0,0,0,0,0
800,542,542,2,2,1,1,1,1,1,1,1
800,543,543,0,5,1,1,0,0,0,0,0
800,544,544,1,4,1,1,1,1,1,0,0
800,545,545,2,2,1,1,1,1,1,1,1
800,546,546,0,5,1,1,0,0,0,1,1
800,547,547,1,4,1,1,0,0,0,0,0
800,548,548,2,2,1,1,1,1,1,1,1
800,549,549,0,5,1,1,0,0,0,0,0
800,550,550,1,4,1,1,0,0,0,0,0
800,551,551,2,2,1,1,1,1,1,1,1
800,552,552,0,5,1,1,0,0,0,0,0
800,553,553,1,4,1,1,0,0,0,0,0
800,554,554,2,2,1,1,1,1,1,1,1
800,555,555,0,5,1,1,0,0,0,0,0
800,556,556,1,4,1,1,0,0,0,0,0
800,557,557,2,2,1,1,1,1,1,1,1
800,558,558,0,5,1,1,0,0,0,0,0
800,559,559,1,4,1,1,1,1,1,0,0
800,560,560,2,2,1,1,1,1,1,1,1
800,561,561,0,5,1,1,1,1,1,0,0
800,562,562,1,4,1,1,0,0,0,0,0
800,563,563,2,2,1,1,1,1,1,1,1
800,564,564,0,5,1,1,1,1,1,0,0
800,565,565,1,4,1,1,1,1,1,0,0
800,566,566,2,2,1,1,1,1,1,1,1
800,567,567,0,5,1,1,0,0,0,0,0
800,568,568,1,4,1,1,1,1,1,0,0
800,569,569,2,2,1,1,1,1,1,1,1
800,570,570,0,5,1,1,0,0,0,0,0
800,571,571,1,4,1,1,1,1,1,0,0
800,572,572,2,2,1,1,0,0,0,1,1
800,573,573,0,5,1,1,0,0,0,1,0
800,574,574,1,4,1,1,1,1,1,0,0
800,575,575,2,2,1,1,1,1,1,1,1
800,576,576,0,5,1,1,0,0,0,0,0
800,577,577,1,3,1,1,0,0,0,1,0
800,578,578,2,2,1,1,0,0,0,1,1
800,579,579,0,5,1,1,0,0,0,1,1
800,580,580,1,3,1,1,1,1,1,1,0
800,581,581,2,2,1,1,1,1,1,1,1
800,582,582,0,5,1,1,1,1,1,0,0
800,583,583,1,3,1,1,1,1,1,1,0
800,584,584,2,2,1,1,1,1,1,1,1
800,585,585,0,5,1,1,0,0,0,0,0
800,586,586,1,3,1,1,1,1,1,1,0
800,587,587,2,2,1,1,1,1,1,1,1
800,588,588,0,5,1,1,0,0,0,0,0
800,589,589,1,3,1,1,1,1,1,1,0
800,590,590,2,2,1,1,1,1,1,1,1
800,591,591,0,5,1,1,0,0,0,0,0
800,592,592,1,3,1,1,0,0,0,1,0
800,593,593,2,2,1,1,1,1,1,1,1
800,594,594,0,5,1,1,0,0,0,0,0
800,595,595,1,3,1,1,1,1,1,1,0
800,596,596,2,2,1,1,1,1,1,1,1
800,597,597,0,5,1,1,0,0,0,0,0
800,598,598,1,3,1,1,1,1,1,1,0
800,599,599,2,2,1,1,1,1,1,1,1
800,600,600,0,6,1,1,0,0,0,0,0
800,601,601,1,3,1,1,1,1,1,1,0
800,602,602,2,3,1,1,1,1,1,0,0
800,603,603,0,6,1,1,0,0,0,0,0
800,604,604,1,3,1,1,1,1,1,1,0
800,605,605,2,3,1,1,1,1,1,0,0
800,606,606,0,6,1,1,1,1,1,0,0
800,607,607,1,3,1,1,0,0,0,1,0
800,608,608,2,3,1,1,1,1,1,0,0
800,609,609,0,6,1,1,0,0,0,0,0
800,610,610,1,3,1,1,1,1,1,1,0
800,611,611,2,3,1,1,1,1,1,0,0
800,612,612,0,6,1,1,1,1,1,0,0
800,613,613,1,3,1,1,1,1,1,1,0
800,614,614,2,3,1,1,1,1,1,0,0
800,615,615,0,6,1,1,0,0,0,0,0
800,616,616,1,3,1,1,0,0,0,1,0
800,617,617,2,3,1,1,1,1,1,0,0
800,618,618,0,6,1,1,1,1,1,1,1
800,619,619,1,3,1,1,1,1,1,1,0
800,620,620,2,3,1,1,1,1,1,0,0
800,621,621,0,6,1,1,0,0,0,0,1
800,622,622,1,3,1,1,0,0,0,1,0
800,623,623,2,3,1,1,1,1,1,0,0
800,624,624,0,6,1,1,0,0,0,0,0
800,625,625,1,3,1,1,1,1,1,1,0
800,626,626,2,3,1,1,1,1,1,0,0
800,627,627,0,6,1,1,0,0,0,0,0
800,628,628,1,3,1,1,1,1,1,1,0
800,629,629,2,3,1,1,1,1,1,0,0
800,630,630,0,6,1,1,0,0,0,0,0
800,631,631,1,3,1,1,0,0,0,1,0
800,632,632,2,3,1,1,1,1,1,0,0
800,633,633,0,6,1,1,0,0,0,0,0
800,634,634,1,3,1,1,1,1,1,1,0
800,635,635,2,3,1,1,1,1,1,0,0
800,636,636,0,6,1,1,0,0,0,0,0
800,637,637,1,3,1,1,0,0,0,1,0
800,638,638,2,3,1,1,1,1,1,0,0
800,639,639,0,6,1,1,0,0,0,0,0
800,640,640,1,3,1,1,1,1,1,1,0
800,641,641,2,3,1,1,1,1,1,0,0
800,642,642,0,6,1,1,1,1,1,0,0
800,643,643,1,3,1,1,1,1,1,1,0
800,644,644,2,3,1,1,1,1,1,0,0
800,645,645,0,6,1,1,0,0,0,0,0
800,646,646,1,3,1,1,1,1,1,1,0
800,647,647,2,3,1,1,1,1,1,0,0
800,648,648,0,6,1,1,0,0,0,0,0
800,649,649,1,3,1,1,1,1,1,1,0
800,650,650,2,3,1,1,1,1,1,0,0
800,651,651,0,5,1,1,1,1,1,0,0
800,652,652,1,3,1,1,0,0,0,1,0
800,653,653,2,3,1,1,1,1,1,0,0
800,654,654,0,5,1,1,0,0,0,0,0
800,655,655,1,3,1,1,1,1,1,1,0
800,656,656,2,3,1,1,1,1,1,0,0
800,657,657,0,5,1,1,1,1,1,0,0
800,658,658,1,3,1,1,1,1,1,1,0
800,659,659,2,3,1,1,1,1,1,0,0
800,660,660,0,5,1,1,1,1,1,0,0
800,661,661,1,3,1,1,1,1,1,1,0
800,662,662,2,3,1,1,1,1,1,0,0
800,663,663,0,5,1,1,0,0,0,1,1
800,664,664,1,3,1,1,1,1,1,1,0
800,665,665,2,3,1,1,1,1,1,0,0
800,666,666,0,5,1,1,0,0,0,0,0
800,667,667,1,3,1,1,1,1,1,1,0
800,668,668,2,3,1,1,1,1,1,0,0
800,669,669,0,5,1,1,0,0,0,0,0
800,670,670,1,3,1,1,1,1,1,1,0
800,671,671,2,3,1,1,1,1,1,0,0
800,672,672,0,5,1,1,0,0,0,0,0
800,673,673,1,3,1,1,1,1,1,1,0
800,674,674,2,3,1,1,1,1,1,0,0
800,675,675,0,5,1,1,1,1,1,0,0
800,676,676,1,4,1,1,1,1,1,1,0
800,677,677,2,3,1,1,1,1,1,0,0
800,678,678,0,5,1,1,1,1,1,0,0
800,679,679,1,4,1,1,0,0,0,1,0
800,680,680,2,3,1,1,1,1,1,0,0
800,681,681,0,5,1,1,0,0,0,0,0
800,682,682,1,4,1,1,0,0,0,1,0
800,683,683,2,3,1,1,1,1,1,0,0
800,684,684,0,5,1,1,0,0,0,0,0
800,685,685,1,4,1,1,1,1,1,1,0
800,686,686,2,3,1,1,1,1,1,0,0
800,687,687,0,5,1,1,0,0,0,0,1
800,688,688,1,4,1,1,0,0,0,1,1
800,689,689,2,3,1,1,1,1,1,0,0
800,690,690,0,5,1,1,0,0,0,0,0
800,691,691,1,4,1,1,1,1,1,1,0
800,692,692,2,3,1,1,1,1,1,0,0
800,693,693,0,5,1,1,0,0,0,1,0
800,694,694,1,4,1,1,1,1,1,1,0
800,695,695,2,3,1,1,1,1,1,0,0
800,696,696,0,5,1,1,0,0,0,0,0
800,697,697,1,4,1,1,0,0,0,1,0
800,698,698,2,3,1,1,1,1,1,0,0
800,699,699,0,5,1,1,1,1,1,0,0
800,700,700,1,4,1,1,1,1,1,1,0
800,701,701,2,3,1,1,0,0,0,0,0
800,702,702,0,5,1,1,1,1,1,1,1
800,703,703,1,4,1,1,0,0,0,0,0
800,704,704,2,3,1,1,0,0,0,0,0
800,705,705,0,5,1,1,0,0,0,1,1
800,706,706,1,4,1,1,0,0,0,1,0
800,707,707,2,3,1,1,1,1,1,0,0
800,708,708,0,5,1,1,1,1,1,0,0
800,709,709,1,4,1,1,1,1,1,1,0
800,710,710,2,3,1,1,0,0,0,0,0
800,711,711,0,5,1,1,0,0,0,0,1
800,712,712,1,4,1,1,0,0,0,1,0
800,713,713,2,3,1,1,0,0,0,0,0
800,714,714,0,5,1,1,0,0,0,0,0
800,715,715,1,4,1,1,0,0,0,1,0
800,716,716,2,3,1,1,0,0,0,0,0
800,717,717,0,5,1,1,0,0,0,0,0
800,718,718,1,4,1,1,0,0,0,1,1
800,719,719,2,3,1,1,0,0,0,0,0
800,720,720,0,5,1,1,1,1,1,0,0
800,721,721,1,4,1,1,0,0,0,1,0
800,722,722,2,3,1,1,0,0,0,0,0
800,723,723,0,5,1,1,0,0,0,0,0
800,724,724,1,4,1,1,0,0,0,1,0
800,725,725,2,3,1,1,0,0,0,0,0
800,726,726,0,5,1,1,1,1,1,1,1
800,727,727,1,4,1,1,0,0,0,1,0
800,728,728,2,3,1,1,0,0,0,0,0
800,729,729,0,5,1,1,0,0,0,0,0
800,730,730,1,4,1,1,0,0,0,1,0
800,731,731,2,3,1,1,0,0,0,0,0
800,732,732,0,5,1,1,0,0,0,0,0
800,733,733,1,4,1,1,0,0,0,1,0
800,734,734,2,3,1,1,0,0,0,0,0
800,735,735,0,5,1,1,0,0,0,0,0
800,736,736,1,4,1,1,0,0,0,1,0
800,737,737,2,3,1,1,1,1,1,0,0
800,738,738,0,5,1,1,0,0,0,0,0
800,739,739,1,4,1,1,0,0,0,1,0
800,740,740,2,3,1,1,0,0,0,0,0
800,741,741,0,5,1,1,0,0,0,1,0
800,742,742,1,4,1,1,0,0,0,1,0
800,743,743,2,3,1,1,0,0,0,0,0
800,744,744,0,5,1,1,0,0,0,0,0
800,745,745,1,4,1,1,0,0,0,1,0
800,746,746,2,3,1,1,0,0,0,0,0
800,747,747,0,5,1,1,0,0,0,0,0
800,748,748,1,4,1,1,0,0,0,1,0
800,749,749,2,3,1,1,0,0,0,0,0
800,750,750,0,6,1,1,1,1,1,0,0
800,751,751,1,4,1,1,0,0,0,1,0
800,752,752,2,3,1,1,0,0,0,0,0
800,753,753,0,6,1,1,1,1,1,1,1
800,754,754,1,4,1,1,0,0,0,1,0
800,755,755,2,3,1,1,0,0,0,0,0
800,756,756,0,6,1,1,0,0,0,1,1
800,757,757,1,4,1,1,0,0,0,1,0
800,758,758,2,3,1,1,0,0,0,0,0
800,759,759,0,6,1,1,1,1,1,0,0
800,760,760,1,4,1,1,0,0,0,1,0
800,761,761,2,3,1,1,0,0,0,0,0
800,762,762,0,6,1,1,0,0,0,0,0
800,763,763,1,4,1,1,0,0,0,1,0
800,764,764,2,3,1,1,0,0,0,0,0
800,765,765,0,6,1,1,0,0,0,0,0
800,766,766,1,4,1,1,0,0,0,1,0
800,767,767,2,3,1,1,0,0,0,0,0
800,768,768,0,6,1,1,0,0,0,0,0
800,769,769,1,4,1,1,0,0,0,1,0
800,770,770,2,3,1,1,0,0,0,0,0
800,771,771,0,6,1,1,0,0,0,0,0
800,772,772,1,4,1,1,0,0,0,1,0
800,773,773,2,3,1,1,0,0,0,0,0
800,774,774,0,6,1,1,0,0,0,0,0
800,775,775,1,4,1,1,1,1,1,1,0
800,776,776,2,3,1,1,0,0,0,0,0
800,777,777,0,6,1,1,0,0,0,0,0
800,778,778,1,4,1,1,1,1,1,1,0
800,779,779,2,3,1,1,0,0,0,0,0
800,780,780,0,6,1,1,0,0,0,1,1
800,781,781,1,4,1,1,0,0,0,1,0
800,782,782,2,3,1,1,0,0,0,0,0
800,783,783,0,6,1,1,0,0,0,1,1
800,784,784,1,4,1,1,0,0,0,1,0
800,785,785,2,3,1,1,0,0,0,0,0
800,786,786,0,6,1,1,0,0,0,0,0
800,787,787,1,4,1,1,0,0,0,1,0
800,788,788,2,3,1,1,0,0,0,0,0
800,789,789,0,6,1,1,0,0,0,0,0
800,790,790,1,4,1,1,0,0,0,1,0
800,791,791,2,3,1,1,0,0,0,0,0
800,792,792,0,6,1,1,0,0,0,0,0
800,793,793,1,4,1,1,0,0,0,1,0
800,794,794,2,3,1,1,0,0,0,0,0
800,795,795,0,6,1,1,0,0,0,1,1
800,796,796,1,4,1,1,0,0,0,1,0
800,797,797,2,3,1,1,0,0,0,0,0
800,798,798,0,6,1,1,0,0,0,0,0
800,799,799,1,4,1,1,0,0,0,1,1
